-- MySQL dump 10.13  Distrib 5.1.73, for redhat-linux-gnu (x86_64)
--
-- Host: localhost    Database: dnote
-- ------------------------------------------------------
-- Server version	5.1.73

/*!40101 SET @OLD_CHARACTER_SET_CLIENT=@@CHARACTER_SET_CLIENT */;
/*!40101 SET @OLD_CHARACTER_SET_RESULTS=@@CHARACTER_SET_RESULTS */;
/*!40101 SET @OLD_COLLATION_CONNECTION=@@COLLATION_CONNECTION */;
/*!40101 SET NAMES utf8 */;
/*!40103 SET @OLD_TIME_ZONE=@@TIME_ZONE */;
/*!40103 SET TIME_ZONE='+00:00' */;
/*!40014 SET @OLD_UNIQUE_CHECKS=@@UNIQUE_CHECKS, UNIQUE_CHECKS=0 */;
/*!40014 SET @OLD_FOREIGN_KEY_CHECKS=@@FOREIGN_KEY_CHECKS, FOREIGN_KEY_CHECKS=0 */;
/*!40101 SET @OLD_SQL_MODE=@@SQL_MODE, SQL_MODE='NO_AUTO_VALUE_ON_ZERO' */;
/*!40111 SET @OLD_SQL_NOTES=@@SQL_NOTES, SQL_NOTES=0 */;

--
-- Table structure for table `active_admin_comments`
--

DROP TABLE IF EXISTS `active_admin_comments`;
/*!40101 SET @saved_cs_client     = @@character_set_client */;
/*!40101 SET character_set_client = utf8 */;
CREATE TABLE `active_admin_comments` (
  `id` int(11) NOT NULL AUTO_INCREMENT,
  `namespace` varchar(255) DEFAULT NULL,
  `body` text,
  `resource_id` varchar(255) NOT NULL,
  `resource_type` varchar(255) NOT NULL,
  `author_id` int(11) DEFAULT NULL,
  `author_type` varchar(255) DEFAULT NULL,
  `created_at` datetime DEFAULT NULL,
  `updated_at` datetime DEFAULT NULL,
  PRIMARY KEY (`id`),
  KEY `index_active_admin_comments_on_namespace` (`namespace`),
  KEY `index_active_admin_comments_on_author_type_and_author_id` (`author_type`,`author_id`),
  KEY `index_active_admin_comments_on_resource_type_and_resource_id` (`resource_type`,`resource_id`)
) ENGINE=InnoDB DEFAULT CHARSET=utf8;
/*!40101 SET character_set_client = @saved_cs_client */;

--
-- Dumping data for table `active_admin_comments`
--

LOCK TABLES `active_admin_comments` WRITE;
/*!40000 ALTER TABLE `active_admin_comments` DISABLE KEYS */;
/*!40000 ALTER TABLE `active_admin_comments` ENABLE KEYS */;
UNLOCK TABLES;

--
-- Table structure for table `admin_users`
--

DROP TABLE IF EXISTS `admin_users`;
/*!40101 SET @saved_cs_client     = @@character_set_client */;
/*!40101 SET character_set_client = utf8 */;
CREATE TABLE `admin_users` (
  `id` int(11) NOT NULL AUTO_INCREMENT,
  `email` varchar(255) NOT NULL DEFAULT '',
  `encrypted_password` varchar(255) NOT NULL DEFAULT '',
  `reset_password_token` varchar(255) DEFAULT NULL,
  `reset_password_sent_at` datetime DEFAULT NULL,
  `remember_created_at` datetime DEFAULT NULL,
  `sign_in_count` int(11) NOT NULL DEFAULT '0',
  `current_sign_in_at` datetime DEFAULT NULL,
  `last_sign_in_at` datetime DEFAULT NULL,
  `current_sign_in_ip` varchar(255) DEFAULT NULL,
  `last_sign_in_ip` varchar(255) DEFAULT NULL,
  `created_at` datetime DEFAULT NULL,
  `updated_at` datetime DEFAULT NULL,
  PRIMARY KEY (`id`),
  UNIQUE KEY `index_admin_users_on_email` (`email`),
  UNIQUE KEY `index_admin_users_on_reset_password_token` (`reset_password_token`)
) ENGINE=InnoDB AUTO_INCREMENT=2 DEFAULT CHARSET=utf8;
/*!40101 SET character_set_client = @saved_cs_client */;

--
-- Dumping data for table `admin_users`
--

LOCK TABLES `admin_users` WRITE;
/*!40000 ALTER TABLE `admin_users` DISABLE KEYS */;
INSERT INTO `admin_users` VALUES (1,'admin@example.com','$2a$10$/SJXOJ2vF8E5GyX3XeVuvetcVyoWrreNxC9M/Eq3pYiZhsx.7l41W',NULL,NULL,NULL,27,'2015-06-09 02:48:05','2015-06-08 16:38:12','121.116.122.46','121.116.122.46','2015-05-22 02:19:48','2015-06-09 02:48:05');
/*!40000 ALTER TABLE `admin_users` ENABLE KEYS */;
UNLOCK TABLES;

--
-- Table structure for table `category_selects`
--

DROP TABLE IF EXISTS `category_selects`;
/*!40101 SET @saved_cs_client     = @@character_set_client */;
/*!40101 SET character_set_client = utf8 */;
CREATE TABLE `category_selects` (
  `id` int(11) NOT NULL AUTO_INCREMENT,
  `recipe_id` int(11) DEFAULT NULL,
  `menu_id` int(11) DEFAULT NULL,
  `category_number` int(11) DEFAULT NULL,
  `created_at` datetime DEFAULT NULL,
  `updated_at` datetime DEFAULT NULL,
  `category` int(11) DEFAULT NULL,
  `category_number2` int(11) DEFAULT NULL,
  `category_number3` int(11) DEFAULT NULL,
  `category_number4` int(11) DEFAULT NULL,
  `category_number5` int(11) DEFAULT NULL,
  `category_number6` int(11) DEFAULT NULL,
  PRIMARY KEY (`id`)
) ENGINE=InnoDB AUTO_INCREMENT=90 DEFAULT CHARSET=utf8;
/*!40101 SET character_set_client = @saved_cs_client */;

--
-- Dumping data for table `category_selects`
--

LOCK TABLES `category_selects` WRITE;
/*!40000 ALTER TABLE `category_selects` DISABLE KEYS */;
INSERT INTO `category_selects` VALUES (1,4,NULL,NULL,'2015-03-30 02:51:04','2015-03-30 02:51:04',NULL,0,0,1,1,NULL),(3,6,NULL,NULL,'2015-03-30 02:58:32','2015-03-30 02:58:32',NULL,0,1,0,1,NULL),(7,NULL,6,NULL,'2015-04-01 23:41:52','2015-04-01 23:41:52',NULL,0,0,0,0,NULL),(9,8,NULL,NULL,'2015-04-02 00:15:37','2015-04-02 00:15:37',NULL,0,0,0,1,NULL),(12,9,NULL,NULL,'2015-04-02 03:43:18','2015-04-02 03:43:18',NULL,0,0,0,1,NULL),(13,NULL,10,NULL,'2015-04-02 04:20:01','2015-04-02 04:20:01',NULL,0,0,0,1,NULL),(14,NULL,11,NULL,'2015-04-02 04:24:12','2015-04-02 04:24:12',NULL,0,1,0,0,NULL),(15,10,NULL,NULL,'2015-04-02 08:24:09','2015-04-02 08:24:09',NULL,0,0,0,1,NULL),(16,NULL,12,NULL,'2015-04-03 00:37:27','2015-04-03 00:37:27',NULL,0,0,1,0,NULL),(17,11,NULL,NULL,'2015-04-03 00:47:16','2015-04-03 00:47:16',NULL,0,0,0,1,NULL),(18,12,NULL,NULL,'2015-04-03 00:56:31','2015-04-03 00:56:31',NULL,0,0,0,1,NULL),(19,13,NULL,NULL,'2015-04-03 01:08:38','2015-04-03 01:08:38',NULL,0,0,0,1,NULL),(20,NULL,13,NULL,'2015-04-03 01:11:58','2015-04-03 01:11:58',NULL,0,1,0,0,NULL),(21,14,NULL,NULL,'2015-04-03 23:51:53','2015-04-03 23:51:53',NULL,0,0,1,0,NULL),(22,15,NULL,NULL,'2015-04-03 23:51:57','2015-04-03 23:51:57',NULL,0,0,1,0,NULL),(23,16,NULL,NULL,'2015-04-04 00:00:15','2015-04-04 00:00:15',NULL,0,0,0,1,NULL),(24,17,NULL,NULL,'2015-04-04 00:07:02','2015-04-04 00:07:02',NULL,0,0,0,1,NULL),(25,NULL,14,NULL,'2015-04-04 00:10:38','2015-04-04 00:10:38',NULL,0,0,1,0,NULL),(26,18,NULL,NULL,'2015-04-04 00:26:40','2015-04-04 00:26:40',NULL,0,0,0,1,NULL),(27,NULL,15,NULL,'2015-04-04 00:30:11','2015-04-04 00:30:11',NULL,0,0,0,1,NULL),(28,NULL,16,NULL,'2015-04-04 00:33:48','2015-04-04 00:33:48',NULL,0,0,1,0,NULL),(30,19,NULL,NULL,'2015-04-09 09:58:02','2015-04-09 09:58:02',NULL,0,0,0,1,0),(31,20,NULL,NULL,'2015-04-16 04:13:30','2015-04-16 04:13:30',NULL,1,0,0,0,0),(32,21,NULL,NULL,'2015-04-22 11:31:36','2015-04-22 11:31:36',NULL,0,0,0,1,0),(33,22,NULL,NULL,'2015-04-22 11:36:50','2015-04-22 11:37:22',NULL,0,0,0,1,0),(34,NULL,18,NULL,'2015-04-22 11:38:41','2015-04-22 11:38:41',NULL,0,0,0,0,1),(35,23,NULL,NULL,'2015-04-30 13:00:13','2015-04-30 13:00:13',NULL,0,0,1,0,1),(36,24,NULL,NULL,'2015-05-05 04:51:29','2015-05-05 04:51:29',NULL,0,0,0,1,0),(37,25,NULL,NULL,'2015-05-07 13:54:01','2015-05-07 13:54:01',NULL,1,0,1,1,0),(38,26,NULL,NULL,'2015-05-07 14:31:54','2015-05-07 14:31:54',NULL,1,0,1,1,0),(39,27,NULL,NULL,'2015-05-11 06:40:04','2015-05-11 06:40:04',NULL,1,0,1,1,0),(40,28,NULL,NULL,'2015-05-11 07:25:16','2015-05-11 07:25:16',NULL,1,0,1,1,0),(41,NULL,19,NULL,'2015-05-11 07:27:19','2015-05-11 07:27:19',NULL,1,0,1,1,0),(42,29,NULL,NULL,'2015-05-12 09:52:36','2015-05-12 09:52:36',NULL,0,0,0,1,0),(43,30,NULL,NULL,'2015-05-12 10:05:16','2015-05-12 10:05:16',NULL,0,0,0,1,0),(44,31,NULL,NULL,'2015-05-13 05:43:50','2015-05-13 05:43:50',NULL,0,0,0,1,0),(45,32,NULL,NULL,'2015-05-13 06:06:08','2015-05-13 06:06:08',NULL,0,0,0,1,0),(47,34,NULL,NULL,'2015-05-22 10:57:55','2015-05-22 10:57:55',NULL,0,0,0,0,0),(48,35,NULL,NULL,'2015-05-22 11:03:50','2015-05-22 11:03:50',NULL,0,0,0,0,0),(49,36,NULL,NULL,'2015-05-22 11:15:30','2015-05-22 11:20:24',NULL,1,0,1,0,0),(50,37,NULL,NULL,'2015-05-25 12:07:58','2015-05-25 12:07:58',NULL,0,0,0,0,0),(51,38,NULL,NULL,'2015-05-27 16:56:51','2015-05-27 16:56:51',NULL,0,0,0,1,0),(52,39,NULL,NULL,'2015-05-27 17:06:39','2015-05-27 17:06:39',NULL,1,0,0,0,0),(53,NULL,20,NULL,'2015-05-27 17:10:18','2015-05-27 17:10:18',NULL,1,0,0,0,0),(54,40,NULL,NULL,'2015-05-27 17:26:47','2015-05-27 17:26:47',NULL,0,0,0,1,0),(57,43,NULL,NULL,'2015-05-29 03:24:53','2015-05-29 03:24:53',NULL,0,0,0,0,0),(58,44,NULL,NULL,'2015-06-01 09:49:07','2015-06-01 09:49:07',NULL,0,0,0,1,0),(59,45,NULL,NULL,'2015-06-01 10:10:06','2015-06-01 10:10:06',NULL,1,1,0,1,0),(60,46,NULL,NULL,'2015-06-01 12:08:17','2015-06-01 12:08:17',NULL,0,0,0,0,0),(61,47,NULL,NULL,'2015-06-01 12:15:05','2015-06-01 12:15:05',NULL,0,0,0,0,0),(62,48,NULL,NULL,'2015-06-01 12:30:41','2015-06-01 12:30:41',NULL,0,0,0,0,0),(63,49,NULL,NULL,'2015-06-01 12:35:01','2015-06-01 12:35:01',NULL,0,0,0,0,0),(65,51,NULL,NULL,'2015-06-01 12:55:07','2015-06-01 12:55:07',NULL,0,0,0,0,0),(66,NULL,21,NULL,'2015-06-01 13:02:12','2015-06-01 13:02:12',NULL,0,0,0,0,0),(67,NULL,22,NULL,'2015-06-01 13:05:23','2015-06-01 13:05:23',NULL,0,0,0,0,0),(68,NULL,23,NULL,'2015-06-01 13:10:07','2015-06-01 13:10:07',NULL,0,0,0,0,0),(69,52,NULL,NULL,'2015-06-02 04:56:37','2015-06-02 05:00:44',NULL,0,0,0,1,0),(70,53,NULL,NULL,'2015-06-03 12:27:55','2015-06-03 12:27:55',NULL,1,1,0,0,0),(71,54,NULL,NULL,'2015-06-03 12:53:34','2015-06-03 12:53:34',NULL,1,1,1,0,0),(72,55,NULL,NULL,'2015-06-03 13:10:19','2015-06-03 13:10:19',NULL,1,1,0,1,0),(73,56,NULL,NULL,'2015-06-04 07:58:19','2015-06-04 07:58:19',NULL,1,0,0,0,0),(74,57,NULL,NULL,'2015-06-07 01:46:15','2015-06-07 01:46:15',NULL,1,1,0,1,0),(75,58,NULL,NULL,'2015-06-07 01:51:16','2015-06-07 01:51:16',NULL,1,1,0,1,0),(76,NULL,24,NULL,'2015-06-07 01:54:50','2015-06-07 01:54:50',NULL,1,1,1,0,0),(77,NULL,25,NULL,'2015-06-07 01:58:42','2015-06-07 01:58:42',NULL,1,0,1,1,0),(80,61,NULL,NULL,'2015-06-19 07:12:12','2015-06-19 07:12:12',NULL,0,0,0,1,0),(81,62,NULL,NULL,'2015-07-03 10:19:17','2015-07-03 10:19:17',NULL,0,0,0,0,0),(82,63,NULL,NULL,'2015-07-07 07:27:19','2015-07-07 07:27:19',NULL,0,0,0,1,0),(83,64,NULL,NULL,'2015-07-09 14:25:49','2015-07-09 14:25:49',NULL,0,0,1,0,0),(85,66,NULL,NULL,'2015-07-10 03:47:43','2015-07-10 07:45:24',NULL,0,0,1,1,0),(86,67,NULL,NULL,'2015-07-13 15:07:27','2015-07-13 15:07:27',NULL,0,0,1,1,0),(87,68,NULL,NULL,'2015-07-13 19:18:37','2015-07-13 19:18:37',NULL,0,0,1,0,0),(88,69,NULL,NULL,'2015-07-13 19:21:44','2015-07-13 19:21:44',NULL,0,0,1,1,0),(89,70,NULL,NULL,'2015-07-13 19:23:23','2015-07-13 21:57:03',NULL,0,0,0,0,1);
/*!40000 ALTER TABLE `category_selects` ENABLE KEYS */;
UNLOCK TABLES;

--
-- Table structure for table `columns`
--

DROP TABLE IF EXISTS `columns`;
/*!40101 SET @saved_cs_client     = @@character_set_client */;
/*!40101 SET character_set_client = utf8 */;
CREATE TABLE `columns` (
  `id` int(11) NOT NULL AUTO_INCREMENT,
  `created_at` datetime DEFAULT NULL,
  `updated_at` datetime DEFAULT NULL,
  `nutritionist_id` varchar(255) DEFAULT NULL,
  `body` varchar(255) DEFAULT NULL,
  `title` varchar(255) DEFAULT NULL,
  `permission` int(11) DEFAULT NULL,
  `user_id` int(11) DEFAULT NULL,
  PRIMARY KEY (`id`)
) ENGINE=InnoDB AUTO_INCREMENT=5 DEFAULT CHARSET=utf8;
/*!40101 SET character_set_client = @saved_cs_client */;

--
-- Dumping data for table `columns`
--

LOCK TABLES `columns` WRITE;
/*!40000 ALTER TABLE `columns` DISABLE KEYS */;
INSERT INTO `columns` VALUES (1,'2015-04-02 03:25:51','2015-05-22 15:16:18','1','健康診断で「糖尿病のけがありますね」と指摘される人、多いですよね。そんなときは、大いに危機感をもって...','糖尿病で気をつけなければいけないことって？',2,12),(3,'2015-06-04 15:20:06','2015-06-04 15:25:21',NULL,'糖尿病患者数はこの50年間で31倍に増え、現在では40〜74歳の11%が糖尿病、予備軍とあわせると31%にものぼると推定されています。平成18年の国民健康・栄養調査によると、糖尿病患者は全国に約820万人、糖尿病予備軍は1050万人にのぼると推定されています。','糖尿病は増加しています',2,2),(4,'2015-06-04 15:24:52','2015-06-04 15:25:12',NULL,'糖尿病は放置すると気付かない間に合併症が進行する病気です。糖尿病網膜症は、成人の失明の原因の第二位であり、賢症は人工透析導入の原因の第一位となっています。また、日本人の死因の約三分の一を占める、心筋梗塞や脳梗塞といった心血管疾患の多くが糖尿病を合併しています。このように、現代において糖尿病は多くの人にとって健康上の大きな問題となっています。','糖尿病とは',2,2);
/*!40000 ALTER TABLE `columns` ENABLE KEYS */;
UNLOCK TABLES;

--
-- Table structure for table `contacts`
--

DROP TABLE IF EXISTS `contacts`;
/*!40101 SET @saved_cs_client     = @@character_set_client */;
/*!40101 SET character_set_client = utf8 */;
CREATE TABLE `contacts` (
  `id` int(11) NOT NULL AUTO_INCREMENT,
  `email` varchar(255) DEFAULT NULL,
  `body` varchar(255) DEFAULT NULL,
  `created_at` datetime DEFAULT NULL,
  `updated_at` datetime DEFAULT NULL,
  PRIMARY KEY (`id`)
) ENGINE=InnoDB DEFAULT CHARSET=utf8;
/*!40101 SET character_set_client = @saved_cs_client */;

--
-- Dumping data for table `contacts`
--

LOCK TABLES `contacts` WRITE;
/*!40000 ALTER TABLE `contacts` DISABLE KEYS */;
/*!40000 ALTER TABLE `contacts` ENABLE KEYS */;
UNLOCK TABLES;

--
-- Table structure for table `favorite_menus`
--

DROP TABLE IF EXISTS `favorite_menus`;
/*!40101 SET @saved_cs_client     = @@character_set_client */;
/*!40101 SET character_set_client = utf8 */;
CREATE TABLE `favorite_menus` (
  `id` int(11) NOT NULL AUTO_INCREMENT,
  `user_id` int(11) DEFAULT NULL,
  `menu_id` int(11) DEFAULT NULL,
  `created_at` datetime DEFAULT NULL,
  `updated_at` datetime DEFAULT NULL,
  PRIMARY KEY (`id`)
) ENGINE=InnoDB DEFAULT CHARSET=utf8;
/*!40101 SET character_set_client = @saved_cs_client */;

--
-- Dumping data for table `favorite_menus`
--

LOCK TABLES `favorite_menus` WRITE;
/*!40000 ALTER TABLE `favorite_menus` DISABLE KEYS */;
/*!40000 ALTER TABLE `favorite_menus` ENABLE KEYS */;
UNLOCK TABLES;

--
-- Table structure for table `favorites`
--

DROP TABLE IF EXISTS `favorites`;
/*!40101 SET @saved_cs_client     = @@character_set_client */;
/*!40101 SET character_set_client = utf8 */;
CREATE TABLE `favorites` (
  `id` int(11) NOT NULL AUTO_INCREMENT,
  `user_id` int(11) DEFAULT NULL,
  `recipe_id` int(11) DEFAULT NULL,
  `created_at` datetime DEFAULT NULL,
  `updated_at` datetime DEFAULT NULL,
  PRIMARY KEY (`id`),
  UNIQUE KEY `index_favorites_on_user_id_and_recipe_id` (`user_id`,`recipe_id`) USING BTREE
) ENGINE=InnoDB AUTO_INCREMENT=29 DEFAULT CHARSET=utf8;
/*!40101 SET character_set_client = @saved_cs_client */;

--
-- Dumping data for table `favorites`
--

LOCK TABLES `favorites` WRITE;
/*!40000 ALTER TABLE `favorites` DISABLE KEYS */;
INSERT INTO `favorites` VALUES (1,2,5,'2015-03-30 03:09:15','2015-03-30 03:09:15'),(2,2,6,'2015-03-30 03:09:17','2015-03-30 03:09:17'),(3,4,20,'2015-04-16 04:16:51','2015-04-16 04:16:51'),(5,10,25,'2015-05-07 14:00:58','2015-05-07 14:00:58'),(6,10,26,'2015-05-07 14:32:12','2015-05-07 14:32:12'),(7,9,29,'2015-05-12 09:52:47','2015-05-12 09:52:47'),(8,11,31,'2015-05-13 05:44:06','2015-05-13 05:44:06'),(9,11,32,'2015-05-13 06:07:25','2015-05-13 06:07:25'),(10,4,32,'2015-05-15 02:32:33','2015-05-15 02:32:33'),(11,14,35,'2015-05-22 12:16:11','2015-05-22 12:16:11'),(14,15,38,'2015-05-27 16:57:00','2015-05-27 16:57:00'),(15,15,39,'2015-05-27 17:06:49','2015-05-27 17:06:49'),(16,7,38,'2015-05-29 02:42:29','2015-05-29 02:42:29'),(17,2,25,'2015-05-29 02:51:13','2015-05-29 02:51:13'),(19,20,44,'2015-06-01 09:51:10','2015-06-01 09:51:10'),(20,20,45,'2015-06-01 10:12:05','2015-06-01 10:12:05'),(21,19,52,'2015-06-02 04:56:48','2015-06-02 04:56:48'),(23,24,57,'2015-06-11 22:46:23','2015-06-11 22:46:23'),(26,2,55,'2015-06-12 14:13:58','2015-06-12 14:13:58'),(27,19,61,'2015-06-19 07:12:18','2015-06-19 07:12:18'),(28,33,70,'2015-07-13 22:55:56','2015-07-13 22:55:56');
/*!40000 ALTER TABLE `favorites` ENABLE KEYS */;
UNLOCK TABLES;

--
-- Table structure for table `feedbacks`
--

DROP TABLE IF EXISTS `feedbacks`;
/*!40101 SET @saved_cs_client     = @@character_set_client */;
/*!40101 SET character_set_client = utf8 */;
CREATE TABLE `feedbacks` (
  `id` int(11) NOT NULL AUTO_INCREMENT,
  `user_id` int(11) DEFAULT NULL,
  `body` varchar(255) DEFAULT NULL,
  `created_at` datetime DEFAULT NULL,
  `updated_at` datetime DEFAULT NULL,
  PRIMARY KEY (`id`)
) ENGINE=InnoDB DEFAULT CHARSET=utf8;
/*!40101 SET character_set_client = @saved_cs_client */;

--
-- Dumping data for table `feedbacks`
--

LOCK TABLES `feedbacks` WRITE;
/*!40000 ALTER TABLE `feedbacks` DISABLE KEYS */;
/*!40000 ALTER TABLE `feedbacks` ENABLE KEYS */;
UNLOCK TABLES;

--
-- Table structure for table `ingredients`
--

DROP TABLE IF EXISTS `ingredients`;
/*!40101 SET @saved_cs_client     = @@character_set_client */;
/*!40101 SET character_set_client = utf8 */;
CREATE TABLE `ingredients` (
  `id` int(11) NOT NULL AUTO_INCREMENT,
  `name` varchar(255) DEFAULT NULL,
  `recipe_id` int(11) DEFAULT NULL,
  `volume` varchar(255) DEFAULT NULL,
  `order_code` int(11) DEFAULT NULL,
  `created_at` datetime DEFAULT NULL,
  `updated_at` datetime DEFAULT NULL,
  PRIMARY KEY (`id`)
) ENGINE=InnoDB AUTO_INCREMENT=471 DEFAULT CHARSET=utf8;
/*!40101 SET character_set_client = @saved_cs_client */;

--
-- Dumping data for table `ingredients`
--

LOCK TABLES `ingredients` WRITE;
/*!40000 ALTER TABLE `ingredients` DISABLE KEYS */;
INSERT INTO `ingredients` VALUES (1,'アボカド',4,'１/２個',NULL,'2015-03-30 02:51:04','2015-03-30 02:51:04'),(2,'豆腐',4,'半丁',NULL,'2015-03-30 02:51:04','2015-03-30 02:51:04'),(3,'プチトマト',4,'２、３こ',NULL,'2015-03-30 02:51:04','2015-03-30 02:51:04'),(4,'オリーブ',4,'２、３粒',NULL,'2015-03-30 02:51:04','2015-03-30 02:51:04'),(5,'EXオリーブオイル（☆）',4,'大さじ３',NULL,'2015-03-30 02:51:04','2015-03-30 02:51:04'),(6,'わさび（☆）',4,'小さじ１',NULL,'2015-03-30 02:51:04','2015-03-30 02:51:04'),(7,'醤油（☆）',4,'小さじ１',NULL,'2015-03-30 02:51:04','2015-03-30 02:51:04'),(8,'塩（☆）',4,'小さじ２分の１',NULL,'2015-03-30 02:51:04','2015-03-30 02:51:04'),(9,'だしの素顆粒（☆）',4,'小さじ２分の１',NULL,'2015-03-30 02:51:04','2015-03-30 02:51:04'),(10,'レモンの絞り汁（☆）',4,'大さじ１',NULL,'2015-03-30 02:51:04','2015-03-30 02:51:04'),(11,'豚ロース肉（豚カツ用）',5,'2枚',NULL,'2015-03-30 02:55:57','2015-03-30 02:55:57'),(12,'塩・こしょう',5,'各少々',NULL,'2015-03-30 02:55:57','2015-03-30 02:55:57'),(13,'高野豆腐',5,'1個（20g）',NULL,'2015-03-30 02:55:57','2015-03-30 02:55:57'),(14,'粉チーズ',5,'大さじ2',NULL,'2015-03-30 02:55:57','2015-03-30 02:55:57'),(15,'小麦粉',5,'小さじ2',NULL,'2015-03-30 02:55:57','2015-03-30 02:55:57'),(16,'溶き卵',5,'小さじ2',NULL,'2015-03-30 02:55:57','2015-03-30 02:55:57'),(17,'揚げ油',5,'適量',NULL,'2015-03-30 02:55:57','2015-03-30 02:55:57'),(18,'キャベツ(千切り)',5,'100g',NULL,'2015-03-30 02:55:57','2015-03-30 02:55:57'),(19,'ミニトマト',5,'4個',NULL,'2015-03-30 02:55:57','2015-03-30 02:55:57'),(20,'新芽わかめ（おさしみわかめ）',6,'100ｇ',NULL,'2015-03-30 02:58:32','2015-03-30 02:58:32'),(21,'ちりめんじゃこ',6,'50ｇ',NULL,'2015-03-30 02:58:32','2015-03-30 02:58:32'),(22,'キャベツのうまたれ',6,'適宜',NULL,'2015-03-30 02:58:32','2015-03-30 02:58:32'),(23,'梅酒',7,'大さじ2',NULL,'2015-03-31 04:50:13','2015-03-31 04:50:13'),(24,'粉ゼラチン',7,'2〜3g',NULL,'2015-03-31 04:50:13','2015-03-31 04:50:13'),(25,'お湯（80度くらい）',7,'150cc',NULL,'2015-03-31 04:50:13','2015-03-31 04:50:13'),(26,'エリスリム',7,'小さじ1/2',NULL,'2015-03-31 04:50:13','2015-03-31 04:50:13'),(27,'⬆︎お砂糖なら',7,'5g',NULL,'2015-03-31 04:50:13','2015-03-31 04:50:13'),(28,'市販の豆腐ハンバーグ',8,'１個',NULL,'2015-04-02 00:15:37','2015-04-02 00:15:37'),(29,'発芽玄米ご飯（玄米ご飯や白米でも問題なし）',8,'180ｇ',NULL,'2015-04-02 00:15:37','2015-04-02 00:15:37'),(30,'卵',8,'１個',NULL,'2015-04-02 00:15:37','2015-04-02 00:15:37'),(31,'ミニトマト',8,'１個',NULL,'2015-04-02 00:15:37','2015-04-02 00:15:37'),(32,'市販のカット野菜',8,'１袋',NULL,'2015-04-02 00:15:37','2015-04-02 00:15:37'),(33,'市販のデミグラスソース',8,'60ｇ',NULL,'2015-04-02 00:15:37','2015-04-02 00:15:37'),(34,'中農ソース',8,'大さし1',NULL,'2015-04-02 00:15:37','2015-04-02 00:15:37'),(35,'ケチャップ',8,'大さじ1',NULL,'2015-04-02 00:15:37','2015-04-02 00:15:37'),(36,'メイプルシロップ（ハチミツでもOK)',8,'小さじ1',NULL,'2015-04-02 00:15:37','2015-04-02 00:15:37'),(37,'チューブからし',8,'5cmくらい',NULL,'2015-04-02 00:15:37','2015-04-02 00:15:37'),(38,'赤ワイン',8,'50㏄',NULL,'2015-04-02 00:15:37','2015-04-02 00:15:37'),(39,'マヨネーズ',8,'適量',NULL,'2015-04-02 00:15:37','2015-04-02 00:15:37'),(40,'オリーブオイル',8,'大さじ1',NULL,'2015-04-02 00:15:37','2015-04-02 00:15:37'),(41,'市販のタコスシーズニング',9,'2袋',NULL,'2015-04-02 03:43:18','2015-04-02 03:43:18'),(42,'豚ひき肉',9,'200g',NULL,'2015-04-02 03:43:18','2015-04-02 03:43:18'),(43,'①セロリ',9,'1/2本',NULL,'2015-04-02 03:43:18','2015-04-02 03:43:18'),(44,'①玉ねぎ',9,'1/2個',NULL,'2015-04-02 03:43:18','2015-04-02 03:43:18'),(45,'①ニンニクみじん切り',9,'大さじ1',NULL,'2015-04-02 03:43:18','2015-04-02 03:43:18'),(46,'①ショウガみじん切り',9,'大さじ1',NULL,'2015-04-02 03:43:18','2015-04-02 03:43:18'),(47,'オリーブオイル',9,'大さじ1',NULL,'2015-04-02 03:43:18','2015-04-02 03:43:18'),(48,'マヨネーズ（トクホ）',9,'大さじ1',NULL,'2015-04-02 03:43:18','2015-04-02 03:43:18'),(49,'水菜　',9,'1束',NULL,'2015-04-02 03:43:18','2015-04-02 03:43:18'),(50,'アボガド',9,'1/2個',NULL,'2015-04-02 03:43:18','2015-04-02 03:43:18'),(51,'プチトマト',9,'5～6個',NULL,'2015-04-02 03:43:18','2015-04-02 03:43:18'),(52,'ピザ用チーズ',9,'適量',NULL,'2015-04-02 03:43:18','2015-04-02 03:43:18'),(53,'玄米ご飯',9,'180ｇ',NULL,'2015-04-02 03:43:18','2015-04-02 03:43:18'),(54,'刻みパセリ',9,'適量',NULL,'2015-04-02 03:43:18','2015-04-02 03:43:18'),(55,'白ワイン　',9,'75cc',NULL,'2015-04-02 03:43:18','2015-04-02 03:43:18'),(56,'ベーコン',10,'3～4枚',NULL,'2015-04-02 08:24:09','2015-04-02 08:24:09'),(57,'ミニトマト',10,'5～６個',NULL,'2015-04-02 08:24:09','2015-04-02 08:24:09'),(58,'市販のポテトサラダ',10,'適量',NULL,'2015-04-02 08:24:09','2015-04-02 08:24:09'),(59,'カブ',10,'１個',NULL,'2015-04-02 08:24:09','2015-04-02 08:24:09'),(60,'市販のミートソース',10,'1/2袋',NULL,'2015-04-02 08:24:09','2015-04-02 08:24:09'),(61,'スライスチーズ',10,'１枚（１皿）',NULL,'2015-04-02 08:24:09','2015-04-02 08:24:09'),(62,'オリーブオイル',10,'適量',NULL,'2015-04-02 08:24:09','2015-04-02 08:24:09'),(63,'パン粉',10,'適量',NULL,'2015-04-02 08:24:09','2015-04-02 08:24:09'),(64,'刻みパセリ',10,'適量',NULL,'2015-04-02 08:24:09','2015-04-02 08:24:09'),(65,'ブリ柵（刺身用切り身でもOK）',11,'１本',NULL,'2015-04-03 00:47:16','2015-04-03 00:47:16'),(66,'醤油',11,'50㏄',NULL,'2015-04-03 00:47:16','2015-04-03 00:47:16'),(67,'酒50cc',11,'50cc',NULL,'2015-04-03 00:47:16','2015-04-03 00:47:16'),(68,'ショウガ',11,'大さじ2',NULL,'2015-04-03 00:47:16','2015-04-03 00:47:16'),(69,'ニンニク',11,'大さじ2',NULL,'2015-04-03 00:47:16','2015-04-03 00:47:16'),(70,'ごま油',11,'小さじ1',NULL,'2015-04-03 00:47:16','2015-04-03 00:47:16'),(71,'刻み芽ネギ',11,'適量',NULL,'2015-04-03 00:47:16','2015-04-03 00:47:16'),(72,'おろし生姜',11,'適量',NULL,'2015-04-03 00:47:16','2015-04-03 00:47:16'),(73,'わさび',11,'お好みで',NULL,'2015-04-03 00:47:16','2015-04-03 00:47:16'),(74,'大根',12,'5㎝位',NULL,'2015-04-03 00:56:31','2015-04-03 00:56:31'),(75,'玉ねぎ',12,'半分',NULL,'2015-04-03 00:56:31','2015-04-03 00:56:31'),(76,'人参',12,'半分',NULL,'2015-04-03 00:56:31','2015-04-03 00:56:31'),(77,'豚肉',12,'180g',NULL,'2015-04-03 00:56:31','2015-04-03 00:56:31'),(78,'水',12,'700cc',NULL,'2015-04-03 00:56:31','2015-04-03 00:56:31'),(79,'市販の和風だし',12,'大さじ1',NULL,'2015-04-03 00:56:31','2015-04-03 00:56:31'),(80,'刻み生姜',12,'大さじ1',NULL,'2015-04-03 00:56:31','2015-04-03 00:56:31'),(81,'こんにゃく',12,'1/2枚',NULL,'2015-04-03 00:56:31','2015-04-03 00:56:31'),(82,'ネギ',12,'適量',NULL,'2015-04-03 00:56:31','2015-04-03 00:56:31'),(83,'ごま油',12,'適量',NULL,'2015-04-03 00:56:31','2015-04-03 00:56:31'),(84,'ミックスビーンズ（缶詰でも袋詰めでもOK）',13,'1缶',NULL,'2015-04-03 01:08:38','2015-04-03 01:08:38'),(85,'キュウリ',13,'1/2本',NULL,'2015-04-03 01:08:38','2015-04-03 01:08:38'),(86,'マヨネーズ（トクホ）',13,'大さじ2',NULL,'2015-04-03 01:08:38','2015-04-03 01:08:38'),(87,'わさび',13,'5㎝',NULL,'2015-04-03 01:08:38','2015-04-03 01:08:38'),(88,'ノンオイルドレッシング　サウザン味',13,'大さじ1',NULL,'2015-04-03 01:08:38','2015-04-03 01:08:38'),(89,'レモン果汁',13,'適量',NULL,'2015-04-03 01:08:38','2015-04-03 01:08:38'),(90,'黒コショウ',13,'適量',NULL,'2015-04-03 01:08:38','2015-04-03 01:08:38'),(91,'刻みパセリ',13,'適量',NULL,'2015-04-03 01:08:38','2015-04-03 01:08:38'),(92,'豚肩ロース生姜焼き用',14,'7～8枚',NULL,'2015-04-03 23:51:52','2015-04-03 23:51:52'),(93,'玉ねぎ',14,'1/2個',NULL,'2015-04-03 23:51:52','2015-04-03 23:51:52'),(94,'①おろし生姜',14,'大さじ2',NULL,'2015-04-03 23:51:52','2015-04-03 23:51:52'),(95,'①おろしにんにく',14,'大さじ2',NULL,'2015-04-03 23:51:52','2015-04-03 23:51:52'),(96,'①酒',14,'100cc',NULL,'2015-04-03 23:51:52','2015-04-03 23:51:52'),(97,'①醤油（減塩）',14,'70cc',NULL,'2015-04-03 23:51:52','2015-04-03 23:51:52'),(98,'①メイプルシロップ（ハチミツでもOK)',14,'大さじ1',NULL,'2015-04-03 23:51:52','2015-04-03 23:51:52'),(99,'①マヨネーズ（トクホ）',14,'小さじ1',NULL,'2015-04-03 23:51:52','2015-04-03 23:51:52'),(100,'ししとう',14,'4～5本',NULL,'2015-04-03 23:51:52','2015-04-03 23:51:52'),(101,'パプリカ　赤',14,'1/2個',NULL,'2015-04-03 23:51:52','2015-04-03 23:51:52'),(102,'三つ葉',14,'適量',NULL,'2015-04-03 23:51:52','2015-04-03 23:51:52'),(103,'青ネギ',14,'適量',NULL,'2015-04-03 23:51:52','2015-04-03 23:51:52'),(104,'白ごま',14,'適量',NULL,'2015-04-03 23:51:52','2015-04-03 23:51:52'),(105,'ごま油',14,'大さじ1',NULL,'2015-04-03 23:51:52','2015-04-03 23:51:52'),(106,'温玉',14,'1個',NULL,'2015-04-03 23:51:52','2015-04-03 23:51:52'),(107,'発芽玄米ご飯',14,'180g',NULL,'2015-04-03 23:51:52','2015-04-03 23:51:52'),(108,'豚肩ロース生姜焼き用',15,'7～8枚',NULL,'2015-04-03 23:51:56','2015-04-03 23:51:56'),(109,'玉ねぎ',15,'1/2個',NULL,'2015-04-03 23:51:56','2015-04-03 23:51:56'),(110,'①おろし生姜',15,'大さじ2',NULL,'2015-04-03 23:51:56','2015-04-03 23:51:56'),(111,'①おろしにんにく',15,'大さじ2',NULL,'2015-04-03 23:51:56','2015-04-03 23:51:56'),(112,'①酒',15,'100cc',NULL,'2015-04-03 23:51:56','2015-04-03 23:51:56'),(113,'①醤油（減塩）',15,'70cc',NULL,'2015-04-03 23:51:56','2015-04-03 23:51:56'),(114,'①メイプルシロップ（ハチミツでもOK)',15,'大さじ1',NULL,'2015-04-03 23:51:56','2015-04-03 23:51:56'),(115,'①マヨネーズ（トクホ）',15,'小さじ1',NULL,'2015-04-03 23:51:56','2015-04-03 23:51:56'),(116,'ししとう',15,'4～5本',NULL,'2015-04-03 23:51:56','2015-04-03 23:51:56'),(117,'パプリカ　赤',15,'1/2個',NULL,'2015-04-03 23:51:56','2015-04-03 23:51:56'),(118,'三つ葉',15,'適量',NULL,'2015-04-03 23:51:56','2015-04-03 23:51:56'),(119,'青ネギ',15,'適量',NULL,'2015-04-03 23:51:56','2015-04-03 23:51:56'),(120,'白ごま',15,'適量',NULL,'2015-04-03 23:51:56','2015-04-03 23:51:56'),(121,'ごま油',15,'大さじ1',NULL,'2015-04-03 23:51:56','2015-04-03 23:51:56'),(122,'温玉',15,'1個',NULL,'2015-04-03 23:51:56','2015-04-03 23:51:56'),(123,'発芽玄米ご飯',15,'180g',NULL,'2015-04-03 23:51:56','2015-04-03 23:51:56'),(124,'玄米パン',16,'2枚',NULL,'2015-04-04 00:00:15','2015-04-04 00:00:15'),(125,'ベーコン（有れば糖質0）',16,'5～6枚',NULL,'2015-04-04 00:00:15','2015-04-04 00:00:15'),(126,'卵',16,'2個',NULL,'2015-04-04 00:00:15','2015-04-04 00:00:15'),(127,'バター（チューブでバターを利用）',16,'適量',NULL,'2015-04-04 00:00:15','2015-04-04 00:00:15'),(128,'マヨネーズ（トクホ）',16,'適量',NULL,'2015-04-04 00:00:15','2015-04-04 00:00:15'),(129,'粒マスタード',16,'適量',NULL,'2015-04-04 00:00:15','2015-04-04 00:00:15'),(130,'ブロッコリースプラウト',16,'適量',NULL,'2015-04-04 00:00:15','2015-04-04 00:00:15'),(131,'黒コショウ',16,'適量',NULL,'2015-04-04 00:00:15','2015-04-04 00:00:15'),(132,'ケチャップ',16,'少々',NULL,'2015-04-04 00:00:15','2015-04-04 00:00:15'),(133,'刻みパセリ',16,'少々',NULL,'2015-04-04 00:00:15','2015-04-04 00:00:15'),(134,'釜揚げシラス',17,'1パック',NULL,'2015-04-04 00:07:02','2015-04-04 00:07:02'),(135,'大根',17,'5cm程度',NULL,'2015-04-04 00:07:02','2015-04-04 00:07:02'),(136,'①醤油（減塩）',17,'大さじ1',NULL,'2015-04-04 00:07:02','2015-04-04 00:07:02'),(137,'①にんべんのつゆの素',17,'大さじ1',NULL,'2015-04-04 00:07:02','2015-04-04 00:07:02'),(138,'①チューブわさび',17,'3㎝',NULL,'2015-04-04 00:07:02','2015-04-04 00:07:02'),(139,'①水',17,'50cc',NULL,'2015-04-04 00:07:02','2015-04-04 00:07:02'),(140,'チューブわさび',17,'適量',NULL,'2015-04-04 00:07:02','2015-04-04 00:07:02'),(141,'おろし生姜',17,'適量',NULL,'2015-04-04 00:07:02','2015-04-04 00:07:02'),(142,'市販のクラムチャウダー（今回はキャンベル）',18,'１缶',NULL,'2015-04-04 00:26:40','2015-04-04 00:26:40'),(143,'牛乳（今回は無脂肪牛乳）',18,'200cc',NULL,'2015-04-04 00:26:40','2015-04-04 00:26:40'),(144,'おろし生姜',18,'小さじ1',NULL,'2015-04-04 00:26:40','2015-04-04 00:26:40'),(145,'刻みパセリ',18,'少々',NULL,'2015-04-04 00:26:40','2015-04-04 00:26:40'),(146,'黒コショウ',18,'少々',NULL,'2015-04-04 00:26:40','2015-04-04 00:26:40'),(147,'豚肉しゃぶしゃぶ用',19,'50g',NULL,'2015-04-09 09:58:02','2015-04-09 09:58:02'),(148,'レタス',19,'3枚',NULL,'2015-04-09 09:58:02','2015-04-09 09:58:02'),(149,'せり',19,'1/4',NULL,'2015-04-09 09:58:02','2015-04-09 09:58:02'),(150,'えのき',19,'1/4',NULL,'2015-04-09 09:58:02','2015-04-09 09:58:02'),(151,'大根',19,'300g',NULL,'2015-04-09 09:58:02','2015-04-09 09:58:02'),(152,'昆布だし',19,'200cc',NULL,'2015-04-09 09:58:02','2015-04-09 09:58:02'),(153,'ポン酢',19,'大さじ1',NULL,'2015-04-09 09:58:02','2015-04-09 09:58:02'),(154,'こんにゃく',20,'1丁',NULL,'2015-04-16 04:13:30','2015-04-16 04:13:30'),(155,'ナス',20,'1本',NULL,'2015-04-16 04:13:30','2015-04-16 04:13:30'),(156,'しょうゆ',20,'大さじ１',NULL,'2015-04-16 04:13:30','2015-04-16 04:13:30'),(157,'砂糖',20,'小さじ２',NULL,'2015-04-16 04:13:30','2015-04-16 04:13:30'),(158,'だしの素',20,'少々',NULL,'2015-04-16 04:13:30','2015-04-16 04:13:30'),(159,'とうがらし',20,'適量',NULL,'2015-04-16 04:13:30','2015-04-16 04:13:30'),(160,'ごま油',20,'適量',NULL,'2015-04-16 04:13:30','2015-04-16 04:13:30'),(161,'黄ズッキーニ',21,'1/2本',NULL,'2015-04-22 11:31:36','2015-04-22 11:31:36'),(162,'玉ねぎ',21,'1/2個',NULL,'2015-04-22 11:31:36','2015-04-22 11:31:36'),(163,'ベーコン',21,'20g',NULL,'2015-04-22 11:31:36','2015-04-22 11:31:36'),(164,'豆乳',21,'100cc',NULL,'2015-04-22 11:31:36','2015-04-22 11:31:36'),(165,'塩',21,'適宜',NULL,'2015-04-22 11:31:36','2015-04-22 11:31:36'),(166,'黒胡椒',21,'適量',NULL,'2015-04-22 11:31:36','2015-04-22 11:31:36'),(167,'鰤',22,'2切',NULL,'2015-04-22 11:36:50','2015-04-22 11:36:50'),(168,'酒',22,'',NULL,'2015-04-22 11:36:50','2015-04-22 11:36:50'),(169,'みりん',22,'',NULL,'2015-04-22 11:36:50','2015-04-22 11:36:50'),(170,'塩',22,'',NULL,'2015-04-22 11:36:50','2015-04-22 11:36:50'),(171,'白ねぎ',22,'',NULL,'2015-04-22 11:36:50','2015-04-22 11:36:50'),(172,'ごはん',23,'茶碗中盛約2杯',NULL,'2015-04-30 13:00:12','2015-04-30 13:00:12'),(173,'ベーコン',23,'2枚',NULL,'2015-04-30 13:00:12','2015-04-30 13:00:12'),(174,'しいたけ',23,'4個',NULL,'2015-04-30 13:00:12','2015-04-30 13:00:12'),(175,'しめじ',23,'1/2房',NULL,'2015-04-30 13:00:12','2015-04-30 13:00:12'),(176,'マッシュルーム',23,'4個',NULL,'2015-04-30 13:00:12','2015-04-30 13:00:12'),(177,'玉ねぎ',23,'1/4個',NULL,'2015-04-30 13:00:12','2015-04-30 13:00:12'),(178,'赤パプリカ',23,'1/4個',NULL,'2015-04-30 13:00:12','2015-04-30 13:00:12'),(179,'黄パプリカ',23,'1/4個',NULL,'2015-04-30 13:00:12','2015-04-30 13:00:12'),(180,'にんにく',23,'2.5g',NULL,'2015-04-30 13:00:12','2015-04-30 13:00:12'),(181,'カッテージチーズ',23,'60g',NULL,'2015-04-30 13:00:12','2015-04-30 13:00:12'),(182,'顆粒コンソメ',23,'1/2本',NULL,'2015-04-30 13:00:12','2015-04-30 13:00:12'),(183,'水',23,'100cc',NULL,'2015-04-30 13:00:12','2015-04-30 13:00:12'),(184,'黒胡椒',23,'適量',NULL,'2015-04-30 13:00:12','2015-04-30 13:00:12'),(185,'レモン果汁',23,'適量',NULL,'2015-04-30 13:00:12','2015-04-30 13:00:12'),(186,'白ワイン',23,'大さじ2',NULL,'2015-04-30 13:00:12','2015-04-30 13:00:12'),(187,'オリーブオイル',23,'16g',NULL,'2015-04-30 13:00:12','2015-04-30 13:00:12'),(188,'茄子',24,'3本',NULL,'2015-05-05 04:51:29','2015-05-05 04:51:29'),(189,'モロヘイヤ',24,'正味50g',NULL,'2015-05-05 04:51:29','2015-05-05 04:51:29'),(190,'醤油',24,'大さじ1',NULL,'2015-05-05 04:51:29','2015-05-05 04:51:29'),(191,'酢',24,'大さじ1と1/2',NULL,'2015-05-05 04:51:29','2015-05-05 04:51:29'),(192,'砂糖',24,'小さじ1',NULL,'2015-05-05 04:51:29','2015-05-05 04:51:29'),(193,'生姜汁',24,'小さじ1',NULL,'2015-05-05 04:51:29','2015-05-05 04:51:29'),(194,'削り節',24,'適量',NULL,'2015-05-05 04:51:29','2015-05-05 04:51:29'),(195,'Ａ　絹ごし豆腐',25,'300g',NULL,'2015-05-07 13:54:01','2015-05-07 13:54:01'),(196,'Ｂ　出汁（昆布とかつお節）',25,'200ml',NULL,'2015-05-07 13:54:01','2015-05-07 13:54:01'),(197,'Ｂ　白だし（市販品）',25,'大さじ1/2',NULL,'2015-05-07 13:54:01','2015-05-07 13:54:01'),(198,'Ｂ　塩麹',25,'大さじ2/3',NULL,'2015-05-07 13:54:01','2015-05-07 13:54:01'),(199,'Ｃ　 絹ごし豆腐',25,'200g',NULL,'2015-05-07 13:54:01','2015-05-07 13:54:01'),(200,'えのき茸（石づき取り除いて）',26,'100g',NULL,'2015-05-07 14:31:54','2015-05-07 14:31:54'),(201,'ニンニク（みじん切り）',26,'1片',NULL,'2015-05-07 14:31:54','2015-05-07 14:31:54'),(202,'オリーブオイル',26,'大さじ１',NULL,'2015-05-07 14:31:54','2015-05-07 14:31:54'),(203,'Ａ　白だし（市販品）',26,'大さじ1と1/2',NULL,'2015-05-07 14:31:54','2015-05-07 14:31:54'),(204,'Ａ　みりん',26,'大さじ1と1/2',NULL,'2015-05-07 14:31:54','2015-05-07 14:31:54'),(205,'Ａ　リンゴ酢',26,'大さじ1/2',NULL,'2015-05-07 14:31:54','2015-05-07 14:31:54'),(206,'生ハム',26,'4枚',NULL,'2015-05-07 14:31:54','2015-05-07 14:31:54'),(207,'鯵',27,'大１尾',NULL,'2015-05-11 06:40:04','2015-05-11 06:40:04'),(208,'しその葉',27,'４枚',NULL,'2015-05-11 06:40:04','2015-05-11 06:40:04'),(209,'生姜',27,'１０ｇ程',NULL,'2015-05-11 06:40:04','2015-05-11 06:40:04'),(210,'茗荷',27,'２個',NULL,'2015-05-11 06:40:04','2015-05-11 06:40:04'),(211,'味噌',27,'小さじ１～',NULL,'2015-05-11 06:40:04','2015-05-11 06:40:04'),(212,'醤油',27,'小さじ1/3~',NULL,'2015-05-11 06:40:04','2015-05-11 06:40:04'),(213,'小松菜',28,'100g',NULL,'2015-05-11 07:25:16','2015-05-11 07:25:16'),(214,'油揚げ',28,'1枚',NULL,'2015-05-11 07:25:16','2015-05-11 07:25:16'),(215,'Ａ　出汁（昆布とかつお節）',28,'100ml',NULL,'2015-05-11 07:25:16','2015-05-11 07:25:16'),(216,'A　薄口醤油(又は醤油）',28,'大さじ１と1/2',NULL,'2015-05-11 07:25:16','2015-05-17 07:35:21'),(217,'A　砂糖（又は低カロリー、カロリー０の甘味料）',28,' 大さじ１（大さじ1/3',NULL,'2015-05-11 07:25:16','2015-05-11 07:25:16'),(218,'薄口醤油',28,'大さじ1と1/2',NULL,'2015-05-11 07:25:16','2015-05-11 07:25:16'),(219,'とうもろこし',29,'大1缶',NULL,'2015-05-12 09:52:36','2015-05-12 09:52:36'),(220,'水',29,'200ml',NULL,'2015-05-12 09:52:36','2015-05-12 09:52:36'),(221,'調整豆乳',29,'100ml',NULL,'2015-05-12 09:52:36','2015-05-12 09:52:36'),(222,'粉ゼラチン',29,'6g',NULL,'2015-05-12 09:52:36','2015-05-12 09:52:36'),(223,'冷水',29,'30ml',NULL,'2015-05-12 09:52:36','2015-05-12 09:52:36'),(224,'塩',29,'小さじ2／3',NULL,'2015-05-12 09:52:36','2015-05-12 09:52:36'),(225,'コショウ(白)',29,'少々',NULL,'2015-05-12 09:52:36','2015-05-12 09:52:36'),(226,'トマト',29,'1個',NULL,'2015-05-12 09:52:36','2015-05-12 09:52:36'),(227,'セルフィーユ',29,'適宜',NULL,'2015-05-12 09:52:36','2015-05-12 09:52:36'),(228,'【A】',30,'',NULL,'2015-05-12 10:05:16','2015-05-12 10:05:16'),(229,'長ネギ',30,'1/2本',NULL,'2015-05-12 10:05:16','2015-05-12 10:05:16'),(230,'にんじん',30,'1／3本',NULL,'2015-05-12 10:05:16','2015-05-12 10:05:16'),(231,'ひじき(乾燥)',30,'2g',NULL,'2015-05-12 10:05:16','2015-05-12 10:05:16'),(232,'【B】',30,'',NULL,'2015-05-12 10:05:16','2015-05-12 10:05:16'),(233,'カジキマグロ',30,'160g',NULL,'2015-05-12 10:05:16','2015-05-12 10:05:16'),(234,'木綿豆腐',30,'100g',NULL,'2015-05-12 10:05:16','2015-05-12 10:05:16'),(235,'長いも',30,'80g',NULL,'2015-05-12 10:05:16','2015-05-12 10:05:16'),(236,'卵白',30,'1個分',NULL,'2015-05-12 10:05:16','2015-05-12 10:05:16'),(237,'酒',30,'大さじ1',NULL,'2015-05-12 10:05:16','2015-05-12 10:05:16'),(238,'味噌',30,'大さじ1と1/2',NULL,'2015-05-12 10:05:16','2015-05-12 10:05:16'),(239,'砂糖',30,'大さじ1',NULL,'2015-05-12 10:05:16','2015-05-12 10:05:16'),(240,'生姜汁',30,'小さじ1',NULL,'2015-05-12 10:05:16','2015-05-12 10:05:16'),(241,'出し汁',30,'250ml',NULL,'2015-05-12 10:05:16','2015-05-12 10:05:16'),(242,'みりん',30,'大さじ2',NULL,'2015-05-12 10:05:16','2015-05-12 10:05:16'),(243,'醤油',30,'大さじ3',NULL,'2015-05-12 10:05:16','2015-05-12 10:05:16'),(244,'生姜汁',30,'小さじ1',NULL,'2015-05-12 10:05:16','2015-05-12 10:05:16'),(245,'水溶き片栗粉',30,'小さじ2',NULL,'2015-05-12 10:05:16','2015-05-12 10:05:16'),(246,'大根おろし',30,'適宜',NULL,'2015-05-12 10:05:16','2015-05-12 10:05:16'),(247,'三つ葉',30,'適宜',NULL,'2015-05-12 10:05:16','2015-05-12 10:05:16'),(248,'ゴボウ・ニンジン千切り',31,'１パック',NULL,'2015-05-13 05:43:50','2015-05-13 05:43:50'),(249,'長ネギ',31,'１本',NULL,'2015-05-13 05:43:50','2015-05-13 05:43:50'),(250,'糸寒天',31,'適宜',NULL,'2015-05-13 05:43:50','2015-05-13 05:43:50'),(251,'オリーブオイル',31,'少々',NULL,'2015-05-13 05:43:50','2015-05-13 05:43:50'),(252,'塩',31,'少々',NULL,'2015-05-13 05:43:50','2015-05-13 05:43:50'),(253,'コンソメの素',31,'なくても可',NULL,'2015-05-13 05:43:50','2015-05-13 05:43:50'),(254,'豚肉',32,'400g',NULL,'2015-05-13 06:06:08','2015-05-13 06:06:08'),(255,'タマネギ',32,'中2個',NULL,'2015-05-13 06:06:08','2015-05-13 06:06:08'),(256,'モヤシ',32,'1袋',NULL,'2015-05-13 06:06:08','2015-05-13 06:06:08'),(257,'ピーマン',32,'適宜',NULL,'2015-05-13 06:06:08','2015-05-13 06:07:11'),(258,'ゴボウ＆ニンジンのカットセット',32,'2パック',NULL,'2015-05-13 06:06:08','2015-05-13 06:06:08'),(259,'キャベツ',32,'中半玉',NULL,'2015-05-13 06:06:08','2015-05-13 06:06:08'),(260,'生姜焼きのタレ',32,'適宜',NULL,'2015-05-13 06:06:08','2015-05-13 06:06:08'),(261,'豚もも肉（薄切り）',36,'160g',NULL,'2015-05-22 11:15:30','2015-05-22 11:15:30'),(262,'新玉ねぎ（中サイズ）',36,'1個',NULL,'2015-05-22 11:15:30','2015-05-22 11:15:30'),(263,'アスパラガス',36,'約2本（40g）',NULL,'2015-05-22 11:15:30','2015-05-22 11:15:30'),(264,'にんじん（中サイズ）',36,'約1/2本（80g）',NULL,'2015-05-22 11:15:30','2015-05-22 11:15:30'),(265,'しめじ',36,'約1房（100g）',NULL,'2015-05-22 11:15:30','2015-05-22 11:15:30'),(266,'トマト缶',36,'200g',NULL,'2015-05-22 11:15:30','2015-05-22 11:15:30'),(267,'おろしにんにく',36,'適量',NULL,'2015-05-22 11:15:30','2015-05-22 11:15:30'),(268,'ケチャップ',36,'小さじ1（5g）',NULL,'2015-05-22 11:15:30','2015-05-22 11:15:30'),(269,'砂糖',36,'小さじ1（4g）',NULL,'2015-05-22 11:15:30','2015-05-22 11:15:30'),(270,'バジル（粉末）',36,'少々',NULL,'2015-05-22 11:15:30','2015-05-22 11:15:30'),(271,'塩',36,'少々',NULL,'2015-05-22 11:15:30','2015-05-22 11:15:30'),(272,'黒こしょう（粗びき）',36,'少々',NULL,'2015-05-22 11:15:30','2015-05-22 11:15:30'),(273,'豚肩ロース肉（薄切り）',35,'約3枚（50g）',NULL,'2015-05-22 12:14:21','2015-05-22 12:14:21'),(274,'豆腐',35,'約1/4丁（75g）',NULL,'2015-05-22 12:14:21','2015-05-22 12:14:21'),(275,'玉ねぎ（中サイズ）',35,'約1/4個（50g）',NULL,'2015-05-22 12:14:21','2015-05-22 12:14:21'),(276,'じゃがいも（中サイズ）',35,'約1/2個（50g）',NULL,'2015-05-22 12:14:21','2015-05-22 12:14:21'),(277,'にんじん（中サイズ）',35,'約1/4本（25g）',NULL,'2015-05-22 12:14:21','2015-05-22 12:14:21'),(278,'しめじ',35,'約1/4房（25g）',NULL,'2015-05-22 12:14:21','2015-05-22 12:14:21'),(279,'だし汁',35,'150ml',NULL,'2015-05-22 12:14:21','2015-05-22 12:14:21'),(280,'牛乳',35,'50ml',NULL,'2015-05-22 12:14:21','2015-05-22 12:14:21'),(281,'味噌',35,'小さじ2（12g）',NULL,'2015-05-22 12:14:21','2015-05-22 12:14:21'),(282,'玄米ごはん',37,'130g',NULL,'2015-05-25 12:07:58','2015-05-25 12:07:58'),(283,'合挽きミンチ',37,'20g',NULL,'2015-05-25 12:07:58','2015-05-25 12:07:58'),(284,'にんにく',37,'一かけ',NULL,'2015-05-25 12:07:58','2015-05-25 12:07:58'),(285,'チリパウダー',37,'お好みで',NULL,'2015-05-25 12:07:58','2015-05-25 12:07:58'),(286,'玉ねぎ',37,'半分(約60g)',NULL,'2015-05-25 12:07:58','2015-05-25 12:07:58'),(287,'コンソメ',37,'2g',NULL,'2015-05-25 12:07:58','2015-05-25 12:07:58'),(288,'パセリ',37,'適量',NULL,'2015-05-25 12:07:58','2015-05-25 12:07:58'),(289,'こしょう',37,'適量',NULL,'2015-05-25 12:07:58','2015-05-25 12:11:22'),(290,'材料A',37,'',NULL,'2015-05-25 12:07:58','2015-05-25 12:07:58'),(291,'トマト缶',37,'1缶(400g)',NULL,'2015-05-25 12:07:58','2015-05-25 12:07:58'),(292,'水',37,'60g',NULL,'2015-05-25 12:07:58','2015-05-25 12:07:58'),(293,'大豆水煮',37,'80g',NULL,'2015-05-25 12:07:58','2015-05-25 12:07:58'),(294,'ケチャップ',37,'大さじ1強',NULL,'2015-05-25 12:07:58','2015-05-25 12:07:58'),(295,'アボカド',38,'１／2個',NULL,'2015-05-27 16:56:51','2015-05-27 16:56:51'),(296,'むきえび',38,'10尾',NULL,'2015-05-27 16:56:51','2015-05-27 16:56:51'),(297,'マッシュルーム',38,'3個',NULL,'2015-05-27 16:56:51','2015-05-27 16:56:51'),(298,'玉ねぎ',38,'１／4個',NULL,'2015-05-27 16:56:51','2015-05-27 16:56:51'),(299,'豆乳',38,'1カップ',NULL,'2015-05-27 16:56:51','2015-05-27 16:56:51'),(300,'ごはん',38,'２杯',NULL,'2015-05-27 16:56:51','2015-05-27 16:56:51'),(301,'オリーブオイル',38,'小さじ２',NULL,'2015-05-27 16:56:51','2015-05-27 16:56:51'),(302,'コンソメ',38,'1個',NULL,'2015-05-27 16:56:51','2015-05-27 16:56:51'),(303,'塩こしょう',38,'適量',NULL,'2015-05-27 16:56:51','2015-05-27 16:56:51'),(304,'切り干し大根',39,'４０ｇ',NULL,'2015-05-27 17:06:39','2015-05-27 17:06:39'),(305,'ハム',39,'2枚',NULL,'2015-05-27 17:06:39','2015-05-27 17:06:39'),(306,'玉ねぎ',39,'１／4個',NULL,'2015-05-27 17:06:39','2015-05-27 17:06:39'),(307,'ピーマン',39,'1個　',NULL,'2015-05-27 17:06:39','2015-05-27 17:06:39'),(308,'干しシイタケ',39,'2個',NULL,'2015-05-27 17:06:39','2015-05-27 17:06:39'),(309,'オリーブオイル',39,'大さじ１',NULL,'2015-05-27 17:06:39','2015-05-27 17:06:39'),(310,'トマトピュレ',39,'大さじ３',NULL,'2015-05-27 17:06:39','2015-05-27 17:06:39'),(311,'白ワイン',39,'大さじ１',NULL,'2015-05-27 17:06:39','2015-05-27 17:06:39'),(312,'しょうゆ',39,'小さじ１',NULL,'2015-05-27 17:06:39','2015-05-27 17:06:39'),(313,'こしょう　',39,'適量',NULL,'2015-05-27 17:06:39','2015-05-27 17:06:39'),(314,'サーモン',40,'2切れ',NULL,'2015-05-27 17:26:47','2015-05-27 17:26:47'),(315,'パン粉',40,'１／3カップ',NULL,'2015-05-27 17:26:47','2015-05-27 17:26:47'),(316,'ハーブ',40,'大さじ１',NULL,'2015-05-27 17:26:47','2015-05-27 17:26:47'),(317,'オリーブオイル',40,'大さじ１',NULL,'2015-05-27 17:26:47','2015-05-27 17:26:47'),(318,'にんにく',40,'１／２かけ',NULL,'2015-05-27 17:26:47','2015-05-27 17:26:47'),(319,'パルメザンチーズ',40,'大さじ１',NULL,'2015-05-27 17:26:47','2015-05-27 17:26:47'),(320,'しおこしょう',40,'少々',NULL,'2015-05-27 17:26:47','2015-05-27 17:26:47'),(321,'油揚げ',44,'1枚',NULL,'2015-06-01 09:49:07','2015-06-01 09:49:07'),(322,'納豆',44,'1パック',NULL,'2015-06-01 09:49:07','2015-06-01 09:49:07'),(323,'わけぎ（ネギ）',44,'適量',NULL,'2015-06-01 09:49:07','2015-06-01 09:49:07'),(324,'ごはん',44,'大さじ２',NULL,'2015-06-01 09:49:07','2015-06-01 09:49:07'),(325,'すりおろしニンニク',44,'適量',NULL,'2015-06-01 09:49:07','2015-06-01 09:49:07'),(326,'しょう油',44,'適量',NULL,'2015-06-01 09:49:07','2015-06-01 09:49:07'),(327,'七味唐辛子',44,'適量',NULL,'2015-06-01 09:49:07','2015-06-01 09:49:07'),(328,'練りからし',44,'適量',NULL,'2015-06-01 09:49:07','2015-06-01 09:49:07'),(329,'ごま油',44,'適量',NULL,'2015-06-01 09:49:07','2015-06-01 09:49:07'),(330,'とりささみ',45,'2切れ',NULL,'2015-06-01 10:10:06','2015-06-01 10:10:06'),(331,'きゅうり',45,'1本',NULL,'2015-06-01 10:10:06','2015-06-01 10:10:06'),(332,'トマト',45,'1/2個',NULL,'2015-06-01 10:10:06','2015-06-01 10:10:06'),(333,'ライスペーパー',45,'2枚',NULL,'2015-06-01 10:10:06','2015-06-01 10:10:06'),(334,'＜タレ＞',45,'適量',NULL,'2015-06-01 10:10:06','2015-06-01 10:10:06'),(335,'白みそ',45,'',NULL,'2015-06-01 10:10:06','2015-06-01 10:10:06'),(336,'すりごま',45,'',NULL,'2015-06-01 10:10:06','2015-06-01 10:10:06'),(337,'しょう油',45,'',NULL,'2015-06-01 10:10:06','2015-06-01 10:10:06'),(338,'みりん',45,'',NULL,'2015-06-01 10:10:06','2015-06-01 10:10:06'),(339,'砂糖',45,'',NULL,'2015-06-01 10:10:06','2015-06-01 10:10:06'),(340,'＜ささみを茹でる用＞',45,'',NULL,'2015-06-01 10:10:06','2015-06-01 10:10:06'),(341,'酒',45,'大さじ１',NULL,'2015-06-01 10:10:06','2015-06-01 10:10:06'),(342,'しょうがスライス',45,'1枚',NULL,'2015-06-01 10:10:06','2015-06-01 10:10:06'),(343,'豚肉',46,'120',NULL,'2015-06-01 12:08:17','2015-06-01 12:08:17'),(344,'水菜',46,'約1パック',NULL,'2015-06-01 12:08:17','2015-06-01 12:08:17'),(345,'玉ねぎ',46,'約1/2',NULL,'2015-06-01 12:08:17','2015-06-01 12:08:17'),(346,'乾燥ひじき',46,'大さじ1',NULL,'2015-06-01 12:08:17','2015-06-01 12:08:17'),(347,'大根',46,'60g',NULL,'2015-06-01 12:08:17','2015-06-01 12:08:17'),(348,'ポン酢しょうゆ',46,'大さじ2.5',NULL,'2015-06-01 12:08:17','2015-06-01 12:08:17'),(349,'大葉',46,'4枚',NULL,'2015-06-01 12:08:17','2015-06-01 12:08:17'),(350,'絹ごし豆腐',47,'300g',NULL,'2015-06-01 12:15:05','2015-06-01 12:15:05'),(351,'トマト',47,'2個',NULL,'2015-06-01 12:15:05','2015-06-01 12:15:05'),(352,'刻みねぎ',47,'適量',NULL,'2015-06-01 12:15:05','2015-06-01 12:15:05'),(353,'濃口しょうゆ',47,'大さじ1.5',NULL,'2015-06-01 12:15:05','2015-06-01 12:15:05'),(354,'酢',47,'小さじ2',NULL,'2015-06-01 12:15:05','2015-06-01 12:15:05'),(355,'ごま油',47,'小さじ1強',NULL,'2015-06-01 12:15:05','2015-06-01 12:15:05'),(356,'練りわさび',47,'約4cm',NULL,'2015-06-01 12:15:05','2015-06-01 12:15:05'),(357,'木綿豆腐',48,'1/3丁（100g）',NULL,'2015-06-01 12:30:41','2015-06-01 12:30:41'),(358,'味噌',48,'小さじ1/2',NULL,'2015-06-01 12:30:41','2015-06-01 12:30:41'),(359,'はちみつ',48,'大さじ2',NULL,'2015-06-01 12:30:41','2015-06-01 12:30:41'),(360,'コーヒー粉末',48,'大さじ1',NULL,'2015-06-01 12:30:41','2015-06-01 12:30:41'),(361,'バニラエッセンス',48,'3滴',NULL,'2015-06-01 12:30:41','2015-06-01 12:30:41'),(362,'かぼちゃ',49,'160g',NULL,'2015-06-01 12:35:01','2015-06-01 12:35:01'),(363,'きゅうり',49,'60g',NULL,'2015-06-01 12:35:01','2015-06-01 12:35:01'),(364,'ヨーグルト（低脂肪）',49,'80g',NULL,'2015-06-01 12:35:01','2015-06-01 12:35:01'),(365,'レモン果汁',49,'10g',NULL,'2015-06-01 12:35:01','2015-06-01 12:35:01'),(366,'こしょう',49,'少々',NULL,'2015-06-01 12:35:01','2015-06-01 12:35:01'),(368,'干し椎茸',51,'2枚',NULL,'2015-06-01 12:55:06','2015-06-01 12:55:06'),(369,'舞茸',51,'1/2パック',NULL,'2015-06-01 12:55:06','2015-06-01 12:55:06'),(370,'えのき茸',51,'1/3パック',NULL,'2015-06-01 12:55:06','2015-06-01 12:55:06'),(371,'春雨',51,'30g',NULL,'2015-06-01 12:55:06','2015-06-01 12:55:06'),(372,'カットわかめ',51,'大さじ1',NULL,'2015-06-01 12:55:06','2015-06-01 12:55:06'),(373,'生姜みじん切り',51,'1片分',NULL,'2015-06-01 12:55:06','2015-06-01 12:55:06'),(374,'長ねぎ',51,'5cm',NULL,'2015-06-01 12:55:06','2015-06-01 12:55:06'),(375,'ごま油',51,'大さじ1',NULL,'2015-06-01 12:55:06','2015-06-01 12:55:06'),(376,'塩',51,'小さじ1',NULL,'2015-06-01 12:55:06','2015-06-01 12:55:06'),(377,'こしょう',51,'少々',NULL,'2015-06-01 12:55:06','2015-06-01 12:55:06'),(378,'醤油',51,'少々',NULL,'2015-06-01 12:55:06','2015-06-01 12:55:06'),(379,'だし汁',51,'4カップ',NULL,'2015-06-01 12:55:06','2015-06-01 12:55:06'),(380,'じゃがいも(中サイズ)',53,'約2個(220g)',NULL,'2015-06-03 12:27:54','2015-06-03 12:27:54'),(381,'枝豆',53,'約40〜45粒(30g)',NULL,'2015-06-03 12:27:54','2015-06-03 12:27:54'),(382,'片栗粉',53,'大さじ3',NULL,'2015-06-03 12:27:54','2015-06-03 12:27:54'),(383,'塩',53,'1g',NULL,'2015-06-03 12:27:54','2015-06-03 12:27:54'),(384,'油',53,'小さじ1',NULL,'2015-06-03 12:27:54','2015-06-03 12:27:54'),(385,'バター',53,'1g',NULL,'2015-06-03 12:27:54','2015-06-03 12:27:54'),(386,'こんにゃく(中サイズ)',54,'約1枚(200g)',NULL,'2015-06-03 12:53:33','2015-06-03 12:53:33'),(387,'合挽き肉',54,'80g',NULL,'2015-06-03 12:53:33','2015-06-03 12:53:33'),(388,'長ネギ',54,'約1/4本(20g)',NULL,'2015-06-03 12:53:33','2015-06-03 12:53:33'),(389,'にんじん',54,'約1,2本(80g)',NULL,'2015-06-03 12:53:33','2015-06-03 12:53:33'),(390,'青ネギ',54,'約1/2本(3g)',NULL,'2015-06-03 12:53:33','2015-06-03 12:53:33'),(391,'(A)醤油',54,'大さじ1',NULL,'2015-06-03 12:53:33','2015-06-03 12:53:33'),(392,'(A)砂糖',54,'大さじ1',NULL,'2015-06-03 12:53:33','2015-06-03 12:53:33'),(393,'(A)酒',54,'小さじ1',NULL,'2015-06-03 12:53:33','2015-06-03 12:53:33'),(394,'鱈(生、切り身)',55,'80g×2切れ',NULL,'2015-06-03 13:10:18','2015-06-03 13:10:18'),(395,'にんじん(中サイズ)',55,'約1/3本(60g)',NULL,'2015-06-03 13:10:18','2015-06-03 13:10:18'),(396,'玉ねぎ(中サイズ)',55,'約1/2個(70g)',NULL,'2015-06-03 13:10:18','2015-06-03 13:10:18'),(397,'キャベツ(中サイズ)',55,'約3枚(7.0g)',NULL,'2015-06-03 13:10:18','2015-06-03 13:10:18'),(398,'大葉',55,'4枚',NULL,'2015-06-03 13:10:18','2015-06-03 13:10:18'),(399,'生姜',55,'約1かけ(10g)',NULL,'2015-06-03 13:10:18','2015-06-03 13:10:18'),(400,'にんにく',55,'約1かけ(5g)',NULL,'2015-06-03 13:10:18','2015-06-03 13:10:18'),(401,'酒',55,'大さじ1',NULL,'2015-06-03 13:10:18','2015-06-03 13:10:18'),(402,'ごま油',55,'小さじ1/5',NULL,'2015-06-03 13:10:18','2015-06-03 13:10:18'),(403,'濃口醤油',55,'0.5g',NULL,'2015-06-03 13:10:18','2015-06-03 13:10:18'),(404,'塩',55,'0.4g',NULL,'2015-06-03 13:10:18','2015-06-03 13:10:18'),(405,'黒こしょう',55,'少々',NULL,'2015-06-03 13:10:18','2015-06-03 13:10:18'),(406,'・テスト',56,'1kg',NULL,'2015-06-04 07:58:19','2015-06-04 07:58:19'),(407,'玉ねぎ',57,'2個(400g)',NULL,'2015-06-07 01:46:15','2015-06-07 01:46:15'),(408,'花かつお',57,'適量',NULL,'2015-06-07 01:46:15','2015-06-07 01:46:15'),(409,'ポン酢',57,'20cc',NULL,'2015-06-07 01:46:15','2015-06-07 01:46:15'),(410,'もやし',58,'1袋（200g）',NULL,'2015-06-07 01:51:15','2015-06-07 01:51:15'),(411,'乾燥わかめ',58,'4g',NULL,'2015-06-07 01:51:15','2015-06-07 01:51:15'),(412,'ごま',58,'4g',NULL,'2015-06-07 01:51:15','2015-06-07 01:51:15'),(413,'(A)濃い口しょうゆ',58,'6g',NULL,'2015-06-07 01:51:15','2015-06-07 01:51:15'),(414,'(A)ごま油',58,'6g',NULL,'2015-06-07 01:51:15','2015-06-07 01:51:15'),(415,'ニンニクの芽',61,'1袋',NULL,'2015-06-19 07:12:12','2015-06-19 07:12:12'),(416,'にら',61,'1/2束',NULL,'2015-06-19 07:12:12','2015-06-19 07:12:12'),(417,'乾燥きくらげ',61,'15g',NULL,'2015-06-19 07:12:12','2015-06-19 07:12:12'),(418,'卵',61,'2個',NULL,'2015-06-19 07:12:12','2015-06-19 07:12:12'),(419,'しょうが',61,'適量',NULL,'2015-06-19 07:12:12','2015-06-19 07:12:12'),(420,'鷹の爪',61,'適量',NULL,'2015-06-19 07:12:12','2015-06-19 07:12:12'),(421,'ごま油',61,'大さじ２',NULL,'2015-06-19 07:12:12','2015-06-19 07:12:12'),(422,'塩',61,'小さじ１',NULL,'2015-06-19 07:12:12','2015-06-19 07:12:12'),(423,'こしょう',61,'適量',NULL,'2015-06-19 07:12:12','2015-06-19 07:12:12'),(424,'五香粉（中華調味料）',61,'適量',NULL,'2015-06-19 07:12:12','2015-06-19 07:12:12'),(425,'しょう油',61,'大さじ２',NULL,'2015-06-19 07:12:12','2015-06-19 07:12:12'),(426,'かつお節',61,'1パック',NULL,'2015-06-19 07:12:12','2015-06-19 07:12:12'),(427,'切り干し大根',63,'20g',NULL,'2015-07-07 07:27:19','2015-07-07 07:27:19'),(428,'油揚げ',63,'15g',NULL,'2015-07-07 07:27:19','2015-07-07 07:27:19'),(429,'人参',63,'60g',NULL,'2015-07-07 07:27:19','2015-07-07 07:27:19'),(430,'サラダ油',63,'12g',NULL,'2015-07-07 07:27:19','2015-07-07 07:27:19'),(431,'砂糖',63,'12g',NULL,'2015-07-07 07:27:19','2015-07-07 07:27:19'),(432,'醤油',63,'20g',NULL,'2015-07-07 07:27:19','2015-07-07 07:27:19'),(433,'みりん',63,'4g',NULL,'2015-07-07 07:27:19','2015-07-07 07:27:19'),(434,'だし汁',63,'100cc',NULL,'2015-07-07 07:27:19','2015-07-07 07:27:19'),(435,'鶏ミンチ',64,'200g',NULL,'2015-07-09 14:25:49','2015-07-09 14:25:49'),(436,'豆腐（絹がおすすめ）',64,'100g',NULL,'2015-07-09 14:25:49','2015-07-09 14:25:49'),(437,'たまねぎ',64,'1/2',NULL,'2015-07-09 14:25:49','2015-07-09 14:25:49'),(438,'片栗粉',64,'大２',NULL,'2015-07-09 14:25:49','2015-07-09 14:25:49'),(439,'塩',64,'小１',NULL,'2015-07-09 14:25:49','2015-07-09 14:25:49'),(440,'缶詰トマト',64,'１缶',NULL,'2015-07-09 14:25:49','2015-07-09 14:25:49'),(441,'オリーブオイル',64,'大１',NULL,'2015-07-09 14:25:49','2015-07-09 14:25:49'),(442,'アガベシロップ（なければ蜂蜜か、みりん）',64,'小１',NULL,'2015-07-09 14:25:49','2015-07-09 14:25:49'),(443,'塩',64,'少々',NULL,'2015-07-09 14:25:49','2015-07-09 14:25:49'),(444,'乾燥ハーブ（バジル、オレガノ、ローズマリーなど）',64,'お好みで',NULL,'2015-07-09 14:25:49','2015-07-09 14:25:49'),(445,'冷凍ミックスベリー（冷凍ベリーならなんでもOKです）',66,'200g',NULL,'2015-07-10 07:45:24','2015-07-10 07:45:24'),(446,'無糖ヨーグルト',66,'100g',NULL,'2015-07-10 07:45:24','2015-07-10 07:45:24'),(447,'アガベシロップ、もしくはメープルシロップ',66,'大１',NULL,'2015-07-10 07:45:24','2015-07-10 07:45:24'),(448,'あれば、レモン汁',66,'小１',NULL,'2015-07-10 07:45:24','2015-07-10 07:45:24'),(449,'きゅうり',67,'2本',NULL,'2015-07-13 15:07:27','2015-07-13 15:07:27'),(450,'塩',67,'少々',NULL,'2015-07-13 15:07:27','2015-07-13 15:07:27'),(451,'お酢',67,'５０cc',NULL,'2015-07-13 15:07:27','2015-07-13 15:07:27'),(452,'蜂蜜',67,'大１',NULL,'2015-07-13 15:07:27','2015-07-13 15:07:27'),(453,'大葉の塩漬け',67,'3〜４',NULL,'2015-07-13 15:07:27','2015-07-13 15:07:27'),(454,'いりごま',67,'少々',NULL,'2015-07-13 15:07:27','2015-07-13 15:07:27'),(455,'タイカレーぺースト',68,'80g',NULL,'2015-07-13 19:18:37','2015-07-13 22:44:54'),(456,'豆乳',68,'800cc',NULL,'2015-07-13 19:18:37','2015-07-13 19:37:42'),(457,'ココナツオイル',68,'大さじ２',NULL,'2015-07-13 19:18:37','2015-07-13 22:42:40'),(458,'なす（小）',68,'２個',NULL,'2015-07-13 19:18:37','2015-07-13 20:31:48'),(459,'赤ピーマン',68,'１個',NULL,'2015-07-13 19:18:37','2015-07-13 22:42:40'),(460,'インゲン',68,'半袋',NULL,'2015-07-13 19:18:37','2015-07-13 19:37:42'),(461,'鶏ささみ',68,'300g',NULL,'2015-07-13 19:18:37','2015-07-13 22:18:30'),(462,'きび砂糖',68,'大さじ１',NULL,'2015-07-13 19:18:37','2015-07-13 22:42:40'),(463,'ナンプラー',68,'大さじ１',NULL,'2015-07-13 19:18:37','2015-07-13 19:37:42'),(464,'トマト',69,'２個',NULL,'2015-07-13 19:21:44','2015-07-13 20:41:02'),(465,'コリアンダー',69,'半袋',NULL,'2015-07-13 19:21:44','2015-07-13 20:41:02'),(466,'スイートチリソース',69,'大さじ１',NULL,'2015-07-13 19:21:44','2015-07-13 20:41:02'),(467,'ナンプラー',69,'大さじ１',NULL,'2015-07-13 19:21:44','2015-07-13 20:41:02'),(468,'バナナ',70,'２本',NULL,'2015-07-13 19:23:23','2015-07-13 21:57:03'),(469,'バジルの葉',68,'１袋',NULL,'2015-07-13 19:37:42','2015-07-13 19:37:42'),(470,'ご飯',68,'４膳分',NULL,'2015-07-13 20:31:48','2015-07-13 22:11:45');
/*!40000 ALTER TABLE `ingredients` ENABLE KEYS */;
UNLOCK TABLES;

--
-- Table structure for table `made_reports`
--

DROP TABLE IF EXISTS `made_reports`;
/*!40101 SET @saved_cs_client     = @@character_set_client */;
/*!40101 SET character_set_client = utf8 */;
CREATE TABLE `made_reports` (
  `id` int(11) NOT NULL AUTO_INCREMENT,
  `user_id` int(11) DEFAULT NULL,
  `recipe_id` int(11) DEFAULT NULL,
  `image` varchar(255) DEFAULT NULL,
  `message` varchar(255) DEFAULT NULL,
  `created_at` datetime DEFAULT NULL,
  `updated_at` datetime DEFAULT NULL,
  `image_file_name` varchar(255) DEFAULT NULL,
  `image_content_type` varchar(255) DEFAULT NULL,
  `image_file_size` int(11) DEFAULT NULL,
  `image_updated_at` datetime DEFAULT NULL,
  PRIMARY KEY (`id`)
) ENGINE=InnoDB AUTO_INCREMENT=4 DEFAULT CHARSET=utf8;
/*!40101 SET character_set_client = @saved_cs_client */;

--
-- Dumping data for table `made_reports`
--

LOCK TABLES `made_reports` WRITE;
/*!40000 ALTER TABLE `made_reports` DISABLE KEYS */;
INSERT INTO `made_reports` VALUES (1,2,5,NULL,'','2015-06-18 19:48:53','2015-06-18 19:48:53',NULL,NULL,NULL,NULL),(2,7,55,NULL,'','2015-06-19 02:13:40','2015-06-19 02:13:40',NULL,NULL,NULL,NULL),(3,2,5,NULL,'','2015-06-24 04:14:08','2015-06-24 04:14:08',NULL,NULL,NULL,NULL);
/*!40000 ALTER TABLE `made_reports` ENABLE KEYS */;
UNLOCK TABLES;

--
-- Table structure for table `menu_recipes`
--

DROP TABLE IF EXISTS `menu_recipes`;
/*!40101 SET @saved_cs_client     = @@character_set_client */;
/*!40101 SET character_set_client = utf8 */;
CREATE TABLE `menu_recipes` (
  `id` int(11) NOT NULL AUTO_INCREMENT,
  `menu_id` int(11) DEFAULT NULL,
  `recipe_id` int(11) DEFAULT NULL,
  `created_at` datetime DEFAULT NULL,
  `updated_at` datetime DEFAULT NULL,
  `select_flag` int(11) DEFAULT NULL,
  `main` int(11) DEFAULT NULL,
  `side1` int(11) DEFAULT NULL,
  `side2` int(11) DEFAULT NULL,
  PRIMARY KEY (`id`),
  UNIQUE KEY `index_menu_recipes_on_recipe_id_and_menu_id` (`recipe_id`,`menu_id`) USING BTREE
) ENGINE=InnoDB AUTO_INCREMENT=62 DEFAULT CHARSET=utf8;
/*!40101 SET character_set_client = @saved_cs_client */;

--
-- Dumping data for table `menu_recipes`
--

LOCK TABLES `menu_recipes` WRITE;
/*!40000 ALTER TABLE `menu_recipes` DISABLE KEYS */;
INSERT INTO `menu_recipes` VALUES (1,1,1,'2015-03-27 08:25:52','2015-05-15 02:26:27',NULL,1,2,3),(2,3,5,'2015-03-30 02:59:27','2015-05-15 02:26:27',NULL,5,4,6),(4,5,5,'2015-03-31 05:02:56','2015-05-15 02:31:24',NULL,5,7,6),(7,10,9,'2015-04-02 04:20:01','2015-05-15 02:31:24',NULL,9,NULL,NULL),(8,11,9,'2015-04-02 04:24:12','2015-05-15 02:31:24',NULL,9,2,3),(9,12,10,'2015-04-03 00:37:27','2015-05-15 02:31:24',NULL,10,7,NULL),(10,13,11,'2015-04-03 01:11:58','2015-05-15 02:31:24',NULL,11,12,13),(11,14,15,'2015-04-04 00:10:38','2015-05-15 02:31:24',NULL,15,17,13),(12,15,16,'2015-04-04 00:30:11','2015-05-15 02:31:24',NULL,16,18,NULL),(13,16,9,'2015-04-04 00:33:48','2015-05-15 02:31:24',NULL,9,13,18),(14,17,5,'2015-04-08 16:31:39','2015-05-15 02:31:24',NULL,5,7,6),(15,18,22,'2015-04-22 11:38:41','2015-05-15 02:31:24',NULL,22,21,NULL),(16,19,27,'2015-05-11 07:27:19','2015-05-15 02:31:24',NULL,27,25,28),(25,1,2,'2015-05-15 02:31:24','2015-05-15 02:31:24',NULL,NULL,NULL,NULL),(26,1,3,'2015-05-15 02:31:24','2015-05-15 02:31:24',NULL,NULL,NULL,NULL),(27,3,4,'2015-05-15 02:31:24','2015-05-15 02:31:24',NULL,NULL,NULL,NULL),(28,3,6,'2015-05-15 02:31:24','2015-05-15 02:31:24',NULL,NULL,NULL,NULL),(29,5,7,'2015-05-15 02:31:24','2015-05-15 02:31:24',NULL,NULL,NULL,NULL),(30,5,6,'2015-05-15 02:31:24','2015-05-15 02:31:24',NULL,NULL,NULL,NULL),(31,11,2,'2015-05-15 02:31:24','2015-05-15 02:31:24',NULL,NULL,NULL,NULL),(32,11,3,'2015-05-15 02:31:24','2015-05-15 02:31:24',NULL,NULL,NULL,NULL),(33,12,7,'2015-05-15 02:31:24','2015-05-15 02:31:24',NULL,NULL,NULL,NULL),(34,13,12,'2015-05-15 02:31:24','2015-05-15 02:31:24',NULL,NULL,NULL,NULL),(35,13,13,'2015-05-15 02:31:24','2015-05-15 02:31:24',NULL,NULL,NULL,NULL),(36,14,17,'2015-05-15 02:31:24','2015-05-15 02:31:24',NULL,NULL,NULL,NULL),(37,14,13,'2015-05-15 02:31:24','2015-05-15 02:31:24',NULL,NULL,NULL,NULL),(38,15,18,'2015-05-15 02:31:24','2015-05-15 02:31:24',NULL,NULL,NULL,NULL),(39,16,13,'2015-05-15 02:31:24','2015-05-15 02:31:24',NULL,NULL,NULL,NULL),(40,16,18,'2015-05-15 02:31:24','2015-05-15 02:31:24',NULL,NULL,NULL,NULL),(41,17,7,'2015-05-15 02:31:24','2015-05-15 02:31:24',NULL,NULL,NULL,NULL),(42,17,6,'2015-05-15 02:31:24','2015-05-15 02:31:24',NULL,NULL,NULL,NULL),(43,18,21,'2015-05-15 02:31:24','2015-05-15 02:31:24',NULL,NULL,NULL,NULL),(44,19,25,'2015-05-15 02:31:24','2015-05-15 02:31:24',NULL,NULL,NULL,NULL),(45,19,28,'2015-05-15 02:31:24','2015-05-15 02:31:24',NULL,NULL,NULL,NULL),(46,20,38,'2015-05-27 17:10:18','2015-05-27 17:10:18',NULL,NULL,NULL,NULL),(47,20,39,'2015-05-27 17:10:18','2015-05-27 17:10:18',NULL,NULL,NULL,NULL),(48,21,37,'2015-06-01 13:02:12','2015-06-01 13:02:12',NULL,NULL,NULL,NULL),(49,21,51,'2015-06-01 13:02:12','2015-06-01 13:02:12',NULL,NULL,NULL,NULL),(50,21,46,'2015-06-01 13:04:20','2015-06-01 13:04:20',NULL,NULL,NULL,NULL),(52,22,46,'2015-06-01 13:05:23','2015-06-01 13:05:23',NULL,NULL,NULL,NULL),(53,23,46,'2015-06-01 13:10:07','2015-06-01 13:10:07',NULL,NULL,NULL,NULL),(54,23,49,'2015-06-01 13:10:07','2015-06-01 13:10:07',NULL,NULL,NULL,NULL),(55,20,40,'2015-06-02 14:39:49','2015-06-02 14:39:49',NULL,NULL,NULL,NULL),(56,24,55,'2015-06-07 01:54:50','2015-06-07 01:54:50',NULL,NULL,NULL,NULL),(57,24,35,'2015-06-07 01:54:50','2015-06-07 01:54:50',NULL,NULL,NULL,NULL),(58,24,54,'2015-06-07 01:54:50','2015-06-07 01:54:50',NULL,NULL,NULL,NULL),(59,25,55,'2015-06-07 01:58:42','2015-06-07 01:58:42',NULL,NULL,NULL,NULL),(60,25,54,'2015-06-07 01:58:42','2015-06-07 01:58:42',NULL,NULL,NULL,NULL),(61,25,57,'2015-06-07 01:58:42','2015-06-07 01:58:42',NULL,NULL,NULL,NULL);
/*!40000 ALTER TABLE `menu_recipes` ENABLE KEYS */;
UNLOCK TABLES;

--
-- Table structure for table `menus`
--

DROP TABLE IF EXISTS `menus`;
/*!40101 SET @saved_cs_client     = @@character_set_client */;
/*!40101 SET character_set_client = utf8 */;
CREATE TABLE `menus` (
  `id` int(11) NOT NULL AUTO_INCREMENT,
  `created_at` datetime DEFAULT NULL,
  `updated_at` datetime DEFAULT NULL,
  `name` varchar(255) DEFAULT NULL,
  `point` varchar(255) DEFAULT NULL,
  `image` varchar(255) DEFAULT NULL,
  `user_id` int(11) DEFAULT NULL,
  `image_file_name` varchar(255) DEFAULT NULL,
  `image_content_type` varchar(255) DEFAULT NULL,
  `image_file_size` int(11) DEFAULT NULL,
  `image_updated_at` datetime DEFAULT NULL,
  PRIMARY KEY (`id`)
) ENGINE=InnoDB AUTO_INCREMENT=26 DEFAULT CHARSET=utf8;
/*!40101 SET character_set_client = @saved_cs_client */;

--
-- Dumping data for table `menus`
--

LOCK TABLES `menus` WRITE;
/*!40000 ALTER TABLE `menus` DISABLE KEYS */;
INSERT INTO `menus` VALUES (1,'2015-03-30 02:31:16','2015-03-30 03:01:53','test','test',NULL,1,NULL,NULL,NULL,NULL),(3,'2015-03-30 02:59:27','2015-03-30 03:08:59','糖質オフの揚げ物と豆腐サラダの献立✿','揚げ物にさっぱりと豆腐とアボカドのサラダとわかめの酢の物を合わせました。',NULL,2,'aa.jpg','image/jpeg',91182,'2015-03-30 03:08:59'),(6,'2015-04-01 23:41:52','2015-04-01 23:41:52','ブリカマと肉じゃがレンコンサラダのヘルシー晩御飯','ブリカマは焼いて柚子胡椒、肉じゃがは肩ロースの豚バラでサッパリ、レンコンサラダは水煮レンコンを使って簡単ヘルシーな野菜たっぷり献立です。',NULL,3,'2015-02-19_21.23.11.jpg','image/jpeg',289258,'2015-04-01 23:41:52'),(10,'2015-04-02 04:20:01','2015-04-02 04:20:01','市販のビーフシチューを使った簡単温玉ビーフシチューグラタンランチ','市販のビーフシチューを使って簡単スピーディーに本格的なグラタンランチが作れます。',NULL,3,'DSC_0217.jpg','image/jpeg',178934,'2015-04-02 04:20:01'),(11,'2015-04-02 04:24:12','2015-04-02 04:24:12','牛のしぐれ煮とこんにゃくサラダのヘルシー晩御飯','牛のしぐれのゴボウ、こんにゃくサラダや自家製なますで食物繊維やミネラルを沢山採れる献立です。',NULL,3,'59523.jpg','image/jpeg',118195,'2015-04-02 04:24:12'),(12,'2015-04-03 00:37:27','2015-04-03 00:37:27','塩サバとお揚げの挽肉詰め煮のあっさり晩御飯','お稲荷さん用の市販のお揚げに「鶏ひき肉とお豆やネギ、生姜を入れて煮込む」あっさりしても出汁がしっかりしみこんでお子さんでも喜んで召し上がれます。',NULL,3,'0d20ef62f809bd82dba35cd26d1342a75458024.jpg','image/jpeg',456585,'2015-04-03 00:37:26'),(13,'2015-04-03 01:11:58','2015-04-03 01:11:58','ブリの漬けと生姜たっぷり豚汁のヘルシー晩御飯','ブリの漬けと生姜と野菜たっぷりの豚汁、豆のサラダを一緒にした簡単にバランスが取れる簡単晩御飯です。',NULL,3,'62de1faebef9b49a48ac987ec035f71a6eb044d.jpg','image/jpeg',454152,'2015-04-03 01:11:58'),(14,'2015-04-04 00:10:38','2015-04-04 00:10:38','あっさりしょうが焼き丼とシラスおろしのバランスばっちり簡単晩御飯','肉、魚、豆類、野菜とバランス良く食べられるメニューです。',NULL,3,'3b535e9e2d59f597c639c1b086812d8f087d9ca.jpg','image/jpeg',422839,'2015-04-04 00:10:37'),(15,'2015-04-04 00:30:11','2015-04-04 00:30:11','簡単ラピュタパンと生姜たっぷりクラムチャウダー朝ご飯','ラピュタパンを目玉焼きからオムレツ風にした事で食べやすく、生姜のクラムチャウダーで身体もお腹も温まる朝ご飯です。',NULL,3,'b93ee409b373c001742e1dafd4d2dad9351a03c.jpg','image/jpeg',566418,'2015-04-04 00:30:11'),(16,'2015-04-04 00:33:48','2015-04-04 00:33:48','ビールやワインに合うタコライスおもてなしディナー','メキシカンはビールにもワインにも合うのでおもてなしにはお勧めです。',NULL,3,'DSC_0326.jpg','image/jpeg',193408,'2015-04-04 00:33:47'),(18,'2015-04-22 11:38:41','2015-04-22 11:38:41','春のシーフード献立','するめいかをまるっぽ一杯買ってきて、胴体は冷凍。げそは長ねぎとトマトと醤油麹と一緒にホイル焼き。最近魚焼グリルが大活躍♡\r\nそしてニラ玉（実は大好物）。ごま油とニラ玉って最高の組み合わせ。ちょいと塩麹乗せてます☆\r\n新物の青のりを見かけたので、どっさり入れてお味噌汁。具は青のりだけ、シンプルですがこれがいちばんのご馳走かも(*ﾟ▽ﾟ)ﾉ',NULL,8,'66853_587196681290924_1764279537_n.jpg','image/jpeg',108617,'2015-04-22 11:38:40'),(19,'2015-05-11 07:27:19','2015-05-11 07:27:19','初夏の和ご膳','旬の食材で、魚、野菜、豆腐とバランスの良い和食献立。',NULL,10,'IMG_7671.JPG','image/jpeg',446649,'2015-05-11 07:27:17'),(20,'2015-05-27 17:10:18','2015-05-27 17:10:18','ヘルシーランチ','旬の野菜をたっぷりと摂れる献立です',NULL,15,'vol29_sakosanEVENT005.jpg','image/jpeg',927021,'2015-05-27 17:10:18'),(21,'2015-06-01 13:02:12','2015-06-01 13:02:12','ヘルシーランチ','',NULL,13,'22.jpg','image/jpeg',251481,'2015-06-01 13:02:11'),(22,'2015-06-01 13:05:23','2015-06-01 13:05:23','ヘルシー朝食','',NULL,13,'11.jpg','image/jpeg',1548614,'2015-06-01 13:05:21'),(23,'2015-06-01 13:10:07','2015-06-01 13:10:07','お手軽朝食','夏にぴったりな爽やかレシピで朝食を美味しくいただきましょう！',NULL,13,'image.jpg','image/jpeg',285194,'2015-06-01 13:10:06'),(24,'2015-06-07 01:54:50','2015-06-07 01:54:50','野菜たっぷりヘルシーご膳','野菜がたっぷり食べれる献立メニューです',NULL,14,'img_maindish32_popup.jpg','image/jpeg',549370,'2015-06-07 01:54:49'),(25,'2015-06-07 01:58:42','2015-06-07 01:58:42','さっぱりと食べたい日に、ヘルシー和食','バランスよく、さっぱりと食べられます',NULL,14,'image.jpg','image/jpeg',257563,'2015-06-07 01:58:40');
/*!40000 ALTER TABLE `menus` ENABLE KEYS */;
UNLOCK TABLES;

--
-- Table structure for table `nutritionists`
--

DROP TABLE IF EXISTS `nutritionists`;
/*!40101 SET @saved_cs_client     = @@character_set_client */;
/*!40101 SET character_set_client = utf8 */;
CREATE TABLE `nutritionists` (
  `id` int(11) NOT NULL AUTO_INCREMENT,
  `email` varchar(255) NOT NULL DEFAULT '',
  `encrypted_password` varchar(255) NOT NULL DEFAULT '',
  `reset_password_token` varchar(255) DEFAULT NULL,
  `reset_password_sent_at` datetime DEFAULT NULL,
  `remember_created_at` datetime DEFAULT NULL,
  `sign_in_count` int(11) NOT NULL DEFAULT '0',
  `current_sign_in_at` datetime DEFAULT NULL,
  `last_sign_in_at` datetime DEFAULT NULL,
  `current_sign_in_ip` varchar(255) DEFAULT NULL,
  `last_sign_in_ip` varchar(255) DEFAULT NULL,
  `created_at` datetime DEFAULT NULL,
  `updated_at` datetime DEFAULT NULL,
  `name` varchar(255) DEFAULT NULL,
  `description` varchar(255) DEFAULT NULL,
  `permission` int(11) DEFAULT NULL,
  `image_file_name` varchar(255) DEFAULT NULL,
  `image_content_type` varchar(255) DEFAULT NULL,
  `image_file_size` int(11) DEFAULT NULL,
  `image_updated_at` datetime DEFAULT NULL,
  PRIMARY KEY (`id`),
  UNIQUE KEY `index_nutritionists_on_email` (`email`),
  UNIQUE KEY `index_nutritionists_on_reset_password_token` (`reset_password_token`)
) ENGINE=InnoDB AUTO_INCREMENT=5 DEFAULT CHARSET=utf8;
/*!40101 SET character_set_client = @saved_cs_client */;

--
-- Dumping data for table `nutritionists`
--

LOCK TABLES `nutritionists` WRITE;
/*!40000 ALTER TABLE `nutritionists` DISABLE KEYS */;
INSERT INTO `nutritionists` VALUES (1,'test@d.com','',NULL,NULL,NULL,0,NULL,NULL,NULL,NULL,'2015-04-02 03:33:12','2015-04-02 03:33:12','石原さとみ','2002年、第27回ホリプロタレントスカウトキャラバン『ピュアガール2002』 グランプリ受賞を経て本...',1,NULL,NULL,NULL,NULL),(2,'muraikenta0507@gmail.com','$2a$10$ESpNZoLROvxt/o5J/OQQEO1Ynyj2M./tqKCaJzfg/VPi6uuvolET6',NULL,NULL,NULL,1,'2015-04-17 02:17:36','2015-04-17 02:17:36','126.254.138.227','126.254.138.227','2015-04-17 02:17:36','2015-04-17 02:17:36','村井謙太','よろしく',0,'da3d7960587cd98a308a5bae321cfd4b.jpeg','image/jpeg',161726,'2015-04-17 02:17:35'),(3,'kayo@shokugoto.jp','$2a$10$ePI44C2bKoYC6ivR64lSquAp1LcVZ4umYd5KqaBVTrOTH.uzc2IVa',NULL,NULL,NULL,1,'2015-04-22 11:25:36','2015-04-22 11:25:36','122.216.67.204','122.216.67.204','2015-04-22 11:25:36','2015-04-22 11:25:36','國枝加誉','',0,'1556435_845766175433972_2833892888348290751_o.jpg','image/jpeg',140409,'2015-04-22 11:25:35'),(4,'aya@aya.aya','$2a$10$WtgAAwo3PVXP7KewvuegHOgE8CHldbw2APxM/M.qNw00ljc4peCVW',NULL,NULL,NULL,1,'2015-05-22 02:09:44','2015-05-22 02:09:44','126.205.67.189','126.205.67.189','2015-05-22 02:09:44','2015-05-22 02:09:44','皆川アヤ','こんにちは！',0,NULL,NULL,NULL,NULL);
/*!40000 ALTER TABLE `nutritionists` ENABLE KEYS */;
UNLOCK TABLES;

--
-- Table structure for table `procedures`
--

DROP TABLE IF EXISTS `procedures`;
/*!40101 SET @saved_cs_client     = @@character_set_client */;
/*!40101 SET character_set_client = utf8 */;
CREATE TABLE `procedures` (
  `id` int(11) NOT NULL AUTO_INCREMENT,
  `recipe_id` int(11) DEFAULT NULL,
  `body` varchar(255) DEFAULT NULL,
  `image` varchar(255) DEFAULT NULL,
  `created_at` datetime DEFAULT NULL,
  `updated_at` datetime DEFAULT NULL,
  `image_file_name` varchar(255) DEFAULT NULL,
  `image_content_type` varchar(255) DEFAULT NULL,
  `image_file_size` int(11) DEFAULT NULL,
  `image_updated_at` datetime DEFAULT NULL,
  PRIMARY KEY (`id`)
) ENGINE=InnoDB AUTO_INCREMENT=268 DEFAULT CHARSET=utf8;
/*!40101 SET character_set_client = @saved_cs_client */;

--
-- Dumping data for table `procedures`
--

LOCK TABLES `procedures` WRITE;
/*!40000 ALTER TABLE `procedures` DISABLE KEYS */;
INSERT INTO `procedures` VALUES (1,4,'（☆）の調味料を混ぜドレシングを作る。',NULL,'2015-03-30 02:51:04','2015-03-30 02:51:04','abokado1.jpg','image/jpeg',3481,'2015-03-30 02:51:02'),(2,4,'アボカドは縦半分に切り種を取り皮を剥き1㎝幅くらいに切りレモンを絞りかける。',NULL,'2015-03-30 02:51:04','2015-03-30 02:51:04','abokado2.jpg','image/jpeg',4614,'2015-03-30 02:51:03'),(3,4,'お豆腐は水切りしてアボカドの大きさに合して同じく1㎝幅位に切る。',NULL,'2015-03-30 02:51:04','2015-03-30 02:51:04','abokado3.jpg','image/jpeg',2832,'2015-03-30 02:51:03'),(4,4,'お皿に３のお豆腐と２のアボカドを交互に入れ、半分に切ったプチトマトとオリーブを乗せる。',NULL,'2015-03-30 02:51:04','2015-03-30 02:51:04','abokado4.jpg','image/jpeg',5862,'2015-03-30 02:51:03'),(5,4,'食べる直前に１のドレッシングをかける。',NULL,'2015-03-30 02:51:04','2015-03-30 02:51:04','abokado5.jpg','image/jpeg',11642,'2015-03-30 02:51:03'),(6,5,'豚肉は筋を3～4ヵ所切り、全体に塩、こしょうをまぶし、下味をつけておく。',NULL,'2015-03-30 02:55:57','2015-03-30 02:55:57',NULL,NULL,NULL,NULL),(7,5,'高野豆腐は戻さずに包丁で薄切りにし、手で粗くほぐしてパン粉状態にして、粉チーズと混ぜ合わせる。',NULL,'2015-03-30 02:55:57','2015-03-30 02:55:57',NULL,NULL,NULL,NULL),(8,5,'豚肉の表面の水分をキッチンペーパーでふき、小麦粉、溶き卵、<2>の順につける。',NULL,'2015-03-30 02:55:57','2015-03-30 02:55:57',NULL,NULL,NULL,NULL),(9,5,'揚げ油を中温に熱して<3>の豚肉をそっと入れ、片面が色づいてきたら返し、両面きつね色になるまで揚げる。',NULL,'2015-03-30 02:55:57','2015-03-30 02:55:57',NULL,NULL,NULL,NULL),(10,5,'食べやすい大きさに切って器に盛り、キャベツのせん切りとミニトマトを添える。',NULL,'2015-03-30 02:55:57','2015-03-30 02:55:57',NULL,NULL,NULL,NULL),(11,6,'ワカメはさっと湯通ししてすぐ水にとる。\r\nシャッキリして緑がキレイになります。（ゆですぎ注意）\r\n3ｃｍくらいにザクザク切る',NULL,'2015-03-30 02:58:32','2015-03-30 02:58:32',NULL,NULL,NULL,NULL),(12,6,'器に　ワカメとじゃこを盛り　キャベツのうまたれをたっぷりかけて召し上がれ♫',NULL,'2015-03-30 02:58:32','2015-03-30 02:58:32',NULL,NULL,NULL,NULL),(13,7,'カップに、粉ゼラチンとエリスリムとお湯を入れて、よく溶かします♪あとは、梅酒を入れて軽く混ぜ、冷蔵庫で冷やすだけです☆\r\n',NULL,'2015-03-31 04:50:13','2015-03-31 04:50:13',NULL,NULL,NULL,NULL),(14,7,'【裏技】すぐに食べたくて冷蔵庫様に任せておけない方は、カップに直接氷をいっぱい入れて混ぜてください☆あっという間です♪\r\n',NULL,'2015-03-31 04:50:13','2015-03-31 04:50:13',NULL,NULL,NULL,NULL),(15,7,'コレ使っています！炭水化物０gです！',NULL,'2015-03-31 04:50:13','2015-03-31 04:50:13','image.jpg','image/jpeg',10625,'2015-03-31 04:50:13'),(16,8,'フライパンを熱し、オリーブオイルで焼き色が付くまで焼きます。',NULL,'2015-04-02 00:15:37','2015-04-02 00:15:37',NULL,NULL,NULL,NULL),(17,8,'焼きあがったら皿に移し、そのフライパンに①デミグラスソース、中農ソース、ケチャップ、からし、ハチミツ、赤ワインを加えて煮立てます。',NULL,'2015-04-02 00:15:37','2015-04-02 00:15:37',NULL,NULL,NULL,NULL),(18,8,'目玉焼きを焼いて皿に移し、ミニトマトをカットし、市販のカット野菜を水で軽く洗いザルに移して水けをきります。',NULL,'2015-04-02 00:15:37','2015-04-02 00:15:37',NULL,NULL,NULL,NULL),(19,8,'玄米ご飯を深皿に適量入れて水気を切った野菜を全体にひいてマヨネーズをかけます。',NULL,'2015-04-02 00:15:37','2015-04-02 00:15:37',NULL,NULL,NULL,NULL),(20,8,'野菜の上に豆腐ハンバーグを載せ①のソースをお好みの料かけてその横に目玉焼きとトマトを盛り付けて、最後に市販の刻みパセリをふれば完成です。',NULL,'2015-04-02 00:15:37','2015-04-02 00:15:37',NULL,NULL,NULL,NULL),(21,9,'フライパンにオリーブオイルとマヨネーズを入れて熱し①を入れて軽く炒めます。',NULL,'2015-04-02 03:43:18','2015-04-02 03:43:18',NULL,NULL,NULL,NULL),(22,9,'玉ねぎが軽く透明になり香味野菜の匂いがたって来たら白ワイン50㏄を入れてアルコールを飛ばしながら炒め煮します。',NULL,'2015-04-02 03:43:18','2015-04-02 03:43:18',NULL,NULL,NULL,NULL),(23,9,'水気が無くなったら挽肉を炒め、挽肉に火が通ったら市販のタコライススパイスと白ワイン25cc（残り）を入れて焦げない様に炒めます。これでタコライスの具が出来上がりです。',NULL,'2015-04-02 03:43:18','2015-04-02 03:43:18',NULL,NULL,NULL,NULL),(24,9,'水菜は水気をよく切り3cm程度に切り、アボガドとトマトは小さな角切りにします。',NULL,'2015-04-02 03:43:18','2015-04-02 03:43:18',NULL,NULL,NULL,NULL),(25,9,'玄米ご飯をお皿に入れて水菜をご飯の上一面に置き、その上にタコライスの具をのせてその上にアボガトとカットトマトを散らし、最後にチーズ（粉チーズでもOK)を掛けて刻みパセリを散らせば完成です。',NULL,'2015-04-02 03:43:18','2015-04-02 03:43:18',NULL,NULL,NULL,NULL),(26,9,'今回はこのシーズニングを利用しています。',NULL,'2015-04-02 03:43:18','2015-04-02 03:44:05','11557_m.jpg','image/jpeg',32566,'2015-04-02 03:44:05'),(27,10,'ベーコンを軽く炒めます。',NULL,'2015-04-02 08:24:09','2015-04-02 08:24:09',NULL,NULL,NULL,NULL),(28,10,'プチトマトを1/4、カブをいちょう切りの半分で5mm程度の厚さで切り、セロリの葉を一口にカットして盛り付けます。',NULL,'2015-04-02 08:24:09','2015-04-02 08:24:09',NULL,NULL,NULL,NULL),(29,10,'カブを平らな皿に並べラップをしてレンジで500wで1分30秒加熱します。',NULL,'2015-04-02 08:24:09','2015-04-02 08:24:09',NULL,NULL,NULL,NULL),(30,10,'加熱したカブをのせてミートソースを全体的に広がるようにかけます。',NULL,'2015-04-02 08:24:09','2015-04-02 08:24:09',NULL,NULL,NULL,NULL),(31,10,'その上にスライスチーズをのせ、オリーブオイルを全体的に上からかけてパン粉を振りかけてオーブンでチーズに焼き色がついて火が通るまで焼きます。',NULL,'2015-04-02 08:24:09','2015-04-02 08:24:09',NULL,NULL,NULL,NULL),(32,11,'柵で買ったブリを食べやすい大きさにカットします。',NULL,'2015-04-03 00:47:16','2015-04-03 00:47:16',NULL,NULL,NULL,NULL),(33,11,'①を全てビニール袋かジプロックに入れ、その中にブリを入れ袋の空気を抜いてしっかり縛って（チャックして）冷蔵庫で半日付けておきます。',NULL,'2015-04-03 00:47:16','2015-04-03 00:47:16',NULL,NULL,NULL,NULL),(34,11,'食べる間際に漬け汁からブリを出して並べ、ネギを散らして出来上がりです。',NULL,'2015-04-03 00:47:16','2015-04-03 00:47:16',NULL,NULL,NULL,NULL),(35,12,'材料を食べやすいサイズに切る。',NULL,'2015-04-03 00:56:31','2015-04-03 00:56:31',NULL,NULL,NULL,NULL),(36,12,'②鍋に水、ほんだし野菜、こんにゃく生姜を入れて火にかける。',NULL,'2015-04-03 00:56:31','2015-04-03 00:56:31',NULL,NULL,NULL,NULL),(37,12,'別の鍋で豚肉に軽くごま油で火を通して色が変わったら②に加えてアクをとりながら煮込む。',NULL,'2015-04-03 00:56:31','2015-04-03 00:56:31',NULL,NULL,NULL,NULL),(38,12,'野菜が柔らかくなったら火を止めて味噌を入れる。',NULL,'2015-04-03 00:56:31','2015-04-03 00:56:31',NULL,NULL,NULL,NULL),(39,12,'お椀に打ちしたらネギやお好みで七味や一味を入れて完成です。',NULL,'2015-04-03 00:56:31','2015-04-03 00:56:31',NULL,NULL,NULL,NULL),(40,13,'ミックスビーンズを出して水けを切ります。',NULL,'2015-04-03 01:08:38','2015-04-03 01:08:38',NULL,NULL,NULL,NULL),(41,13,'キュウリは一口大の角切りにしてミックスビーンズとボウルに合わせます。',NULL,'2015-04-03 01:08:38','2015-04-03 01:08:38',NULL,NULL,NULL,NULL),(42,13,'ボウルにマヨネーズ、わさび、サウザンドレッシング、レモン果汁数滴を入れてよく混ぜ合わせます。',NULL,'2015-04-03 01:08:38','2015-04-03 01:08:38',NULL,NULL,NULL,NULL),(43,13,'良く混じったら味をみてお好みでマヨネーズやワサビやレモン果汁、黒コショウを足してください。',NULL,'2015-04-03 01:08:38','2015-04-03 01:08:38',NULL,NULL,NULL,NULL),(44,13,'器に盛ったら刻みパセリとお好みで七味をかけると美味しく見た目も映えます。',NULL,'2015-04-03 01:08:38','2015-04-03 01:08:38',NULL,NULL,NULL,NULL),(45,14,'豚肉は筋に切り目を入れ、玉ねぎとパプリカは細切りにします。',NULL,'2015-04-03 23:51:53','2015-04-03 23:51:53','2e7e53c9897e93156b43015868fff011efc887b.jpg','image/jpeg',507058,'2015-04-03 23:51:50'),(46,14,'①の材料をビニール袋かジプロックに入れてよく合わせたら、豚肉と玉ねぎを入れてしっかり揉んで混ぜ合わせます。',NULL,'2015-04-03 23:51:53','2015-04-03 23:51:53','1e23b72228eb29f23f23e2ac276a8c12278c90a.jpg','image/jpeg',435682,'2015-04-03 23:51:51'),(47,14,'袋の空気をしっかり抜いて冷蔵庫に3時間～半日入れておきます。（長いほど味が染みて美味しいです）',NULL,'2015-04-03 23:51:53','2015-04-03 23:51:53','4e6b236f4dcb519059f7278c90651fea090266d.jpg','image/jpeg',597840,'2015-04-03 23:51:51'),(48,14,'プライパンにごま油をひいて熱し、豚肉を並べて焼いて行きます。',NULL,'2015-04-03 23:51:53','2015-04-03 23:51:53',NULL,NULL,NULL,NULL),(49,14,'ある程度火が通って豚肉の色が変わったら、ビニール袋の①に残った玉ねぎと汁を全てフライパンに入れて蒸し焼きにし、水分が無くなったら肉を玉ねぎを取り出します。',NULL,'2015-04-03 23:51:53','2015-04-03 23:51:53',NULL,NULL,NULL,NULL),(50,14,'肉を焼いたフライパンにしし唐、パプリカを入れて炒めます。しし唐は炒める前に包丁を入れておきましょう。',NULL,'2015-04-03 23:51:53','2015-04-03 23:51:53',NULL,NULL,NULL,NULL),(51,14,'どんぶりに発芽玄米ご飯を盛って、生姜焼き焼き野菜を盛り付け、温玉を乗せて、ネギと三つ葉と胡麻を散らせば完成です。',NULL,'2015-04-03 23:51:53','2015-04-03 23:51:53','3b535e9e2d59f597c639c1b086812d8f087d9ca.jpg','image/jpeg',422839,'2015-04-03 23:51:52'),(52,15,'豚肉は筋に切り目を入れ、玉ねぎとパプリカは細切りにします。',NULL,'2015-04-03 23:51:56','2015-04-03 23:51:56','2e7e53c9897e93156b43015868fff011efc887b.jpg','image/jpeg',507058,'2015-04-03 23:51:54'),(53,15,'①の材料をビニール袋かジプロックに入れてよく合わせたら、豚肉と玉ねぎを入れてしっかり揉んで混ぜ合わせます。',NULL,'2015-04-03 23:51:56','2015-04-03 23:51:56','1e23b72228eb29f23f23e2ac276a8c12278c90a.jpg','image/jpeg',435682,'2015-04-03 23:51:54'),(54,15,'袋の空気をしっかり抜いて冷蔵庫に3時間～半日入れておきます。（長いほど味が染みて美味しいです）',NULL,'2015-04-03 23:51:56','2015-04-03 23:51:56','4e6b236f4dcb519059f7278c90651fea090266d.jpg','image/jpeg',597840,'2015-04-03 23:51:55'),(55,15,'プライパンにごま油をひいて熱し、豚肉を並べて焼いて行きます。',NULL,'2015-04-03 23:51:56','2015-04-03 23:51:56',NULL,NULL,NULL,NULL),(56,15,'ある程度火が通って豚肉の色が変わったら、ビニール袋の①に残った玉ねぎと汁を全てフライパンに入れて蒸し焼きにし、水分が無くなったら肉を玉ねぎを取り出します。',NULL,'2015-04-03 23:51:56','2015-04-03 23:51:56',NULL,NULL,NULL,NULL),(57,15,'肉を焼いたフライパンにしし唐、パプリカを入れて炒めます。しし唐は炒める前に包丁を入れておきましょう。',NULL,'2015-04-03 23:51:56','2015-04-03 23:51:56',NULL,NULL,NULL,NULL),(58,15,'どんぶりに発芽玄米ご飯を盛って、生姜焼き焼き野菜を盛り付け、温玉を乗せて、ネギと三つ葉と胡麻を散らせば完成です。',NULL,'2015-04-03 23:51:56','2015-04-03 23:51:56','3b535e9e2d59f597c639c1b086812d8f087d9ca.jpg','image/jpeg',422839,'2015-04-03 23:51:55'),(59,16,'玄米パンにマヨネーズ（トクホ）とバターと粒マスタードをお好みの料塗ります。',NULL,'2015-04-04 00:00:15','2015-04-04 00:00:15',NULL,NULL,NULL,NULL),(60,16,'その上にベーコンをのせてオーブンで焼きます。',NULL,'2015-04-04 00:00:15','2015-04-04 00:00:15',NULL,NULL,NULL,NULL),(61,16,'卵を目玉焼きを焼く様に片面焼いて半熟になったら裏返して君の部分を押して割り、乗せやすい大きさに切ります。（この時黄身を8割完熟に近い半熟にしておくと食べる頃にはちょうど良い硬さになっています。）',NULL,'2015-04-04 00:00:15','2015-04-04 00:00:15',NULL,NULL,NULL,NULL),(62,16,'焼きあがったパンにケチャップを少しかけてブロッコリースプラウトを散らして卵焼きをのせます。',NULL,'2015-04-04 00:00:15','2015-04-04 00:00:15',NULL,NULL,NULL,NULL),(63,16,'最後に黒コショウと刻みパセリを散らして完成です。',NULL,'2015-04-04 00:00:15','2015-04-04 00:00:15',NULL,NULL,NULL,NULL),(64,17,'大根をすりおろし、ザルにうついして水気をきります。',NULL,'2015-04-04 00:07:02','2015-04-04 00:07:02',NULL,NULL,NULL,NULL),(65,17,'シラスを器に盛ってその上に大根おろしを多めに盛り付け①をお好みの分量で、大根おろしの上からかけます。',NULL,'2015-04-04 00:07:02','2015-04-04 00:07:02',NULL,NULL,NULL,NULL),(66,17,'その上にわさびと生姜を盛り付けたら完成です。',NULL,'2015-04-04 00:07:02','2015-04-04 00:07:02',NULL,NULL,NULL,NULL),(67,18,'市販のクラムチャウダースープ（今回はキャンベル）を鍋に移し、ダマにならない様に牛乳で溶きます。',NULL,'2015-04-04 00:26:40','2015-04-04 00:26:40',NULL,NULL,NULL,NULL),(68,18,'焦げたりダマにならない様によく混ぜながら温めます。',NULL,'2015-04-04 00:26:40','2015-04-04 00:26:40',NULL,NULL,NULL,NULL),(69,18,'温まったら生姜を入れてひと煮立させて黒コショウをお好みで入れてます。',NULL,'2015-04-04 00:26:40','2015-04-04 00:26:40',NULL,NULL,NULL,NULL),(70,18,'カップや器に移して刻みパセリを乗せれば完成です。',NULL,'2015-04-04 00:26:40','2015-04-04 00:26:40',NULL,NULL,NULL,NULL),(71,19,'大根はおろしておく。 ',NULL,'2015-04-09 09:58:02','2015-04-09 09:58:02',NULL,NULL,NULL,NULL),(72,19,'レタスは食べやすい大きさにちぎり、せりは7cmほどの長さに切り、えのきは石付を取る。',NULL,'2015-04-09 09:58:02','2015-04-09 09:58:02',NULL,NULL,NULL,NULL),(73,19,'昆布だしに1を汁ごと入れて火にかけ、温まったら、豚肉、レタス、せり、えのきをしゃぶしゃぶして汁ごと器に取り、ぽん酢をかけて食べる。',NULL,'2015-04-09 09:58:02','2015-04-09 09:58:02',NULL,NULL,NULL,NULL),(74,20,'なすとこんにゃくを切って、こんにゃくをフライパンで炒めて水気を飛ばす',NULL,'2015-04-16 04:13:30','2015-04-16 04:13:30',NULL,NULL,NULL,NULL),(75,20,'こんにゃく表面の水分が程よく飛んだら、油となすを入れて、強火で炒めます。',NULL,'2015-04-16 04:13:30','2015-04-16 04:13:30',NULL,NULL,NULL,NULL),(76,20,'油がこんにゃくとなすに馴染んだら、しょうゆ、砂糖、だしの素、とうがらしを投入！',NULL,'2015-04-16 04:13:30','2015-04-16 04:13:30',NULL,NULL,NULL,NULL),(77,20,'調味料の水気がなくなるまで、強火で炒めて、仕上げにごま油を回し入れ、香りがたったら出来上がり。',NULL,'2015-04-16 04:13:30','2015-04-16 04:13:30',NULL,NULL,NULL,NULL),(78,21,'黄ズッキーニと玉ねぎをベーコンで炒めて最後に豆乳を入れ、玉ねぎのシャキシャキ感が残るくらいに軽く煮立てて少し黒胡椒、のカルボナーラ風。',NULL,'2015-04-22 11:31:36','2015-04-22 11:31:36','202694_488016401208953_1121363881_o.jpg','image/jpeg',396662,'2015-04-22 11:31:33'),(79,21,'黄ズッキーニと玉ねぎをベーコンで炒めて最後に豆乳を入れ、玉ねぎのシャキシャキ感が残るくらいに軽く煮立てて少し黒胡椒、のカルボナーラ風。',NULL,'2015-04-22 11:31:36','2015-04-22 11:31:36','202694_488016401208953_1121363881_o.jpg','image/jpeg',396662,'2015-04-22 11:31:34'),(80,21,'黄ズッキーニと玉ねぎをベーコンで炒めて最後に豆乳を入れ、玉ねぎのシャキシャキ感が残るくらいに軽く煮立てて少し黒胡椒、のカルボナーラ風。',NULL,'2015-04-22 11:31:36','2015-04-22 11:31:36','202694_488016401208953_1121363881_o.jpg','image/jpeg',396662,'2015-04-22 11:31:35'),(81,22,'鰤のバルサミコ照焼き',NULL,'2015-04-22 11:36:50','2015-04-22 11:36:50','547944_562063867137539_299060201_n.jpg','image/jpeg',123017,'2015-04-22 11:36:49'),(82,22,'鰤のバルサミコ照焼き',NULL,'2015-04-22 11:36:50','2015-04-22 11:36:50','547944_562063867137539_299060201_n.jpg','image/jpeg',123017,'2015-04-22 11:36:49'),(83,23,'玉ねぎ、にんにくはみじん切り、ベーコンは0.5cm幅に切ります',NULL,'2015-04-30 13:00:12','2015-04-30 13:00:12','１.jpg','image/jpeg',24071,'2015-04-30 13:00:10'),(84,23,'しいたけ、マッシュルームは0.5ｃｍ幅に切り、しめじは石づきを切り落とし手でほぐす。パプリカは1口大に切る。',NULL,'2015-04-30 13:00:12','2015-04-30 13:00:12','２.jpg','image/jpeg',28176,'2015-04-30 13:00:10'),(85,23,'鍋にオリーブ油とにんにくを入れて弱火にかけ、香りが出てきたら玉ねぎとベーコンを炒める。',NULL,'2015-04-30 13:00:13','2015-04-30 13:00:13','３.jpg','image/jpeg',27002,'2015-04-30 13:00:11'),(86,23,'玉ねぎとベーコンに火が通ったら、きのことパプリカを加えて炒める。',NULL,'2015-04-30 13:00:13','2015-04-30 13:00:13','４.jpg','image/jpeg',27086,'2015-04-30 13:00:11'),(87,23,'ごはん、水、白ワインを加える。\r\n※様子を見て、水の量を調整してください。\r\n※水は少ない方が味がしっかりとつきますが、焦げやすくなるため注意。',NULL,'2015-04-30 13:00:13','2015-04-30 13:00:13','５.jpg','image/jpeg',29058,'2015-04-30 13:00:11'),(88,23,'顆粒コンソメを入れて味を調える。',NULL,'2015-04-30 13:00:13','2015-04-30 13:00:13','６.jpg','image/jpeg',28610,'2015-04-30 13:00:11'),(89,23,'カテージチーズを加え、煮詰める。',NULL,'2015-04-30 13:00:13','2015-04-30 13:00:13','７.jpg','image/jpeg',28864,'2015-04-30 13:00:12'),(90,23,'皿に盛り付け、黒こしょうを振り、レモン果汁をかけたら完成。',NULL,'2015-04-30 13:00:13','2015-04-30 13:00:13','８.jpg','image/jpeg',22094,'2015-04-30 13:00:12'),(91,24,'茄子はヘタw落として皮をむき、蒸し器に並べて強火で7～8分蒸す。',NULL,'2015-05-05 04:51:29','2015-05-05 04:51:29',NULL,NULL,NULL,NULL),(92,24,'モロヘイヤ葉を摘み取り、熱湯に塩を入れてさっと茹で、水にとりしっかりと水気を絞る。',NULL,'2015-05-05 04:51:29','2015-05-05 04:51:29',NULL,NULL,NULL,NULL),(93,24,'茹でたモロヘイヤ、調味料を加えてミキサーでなめらかになるまで回す。',NULL,'2015-05-05 04:51:29','2015-05-05 04:51:29',NULL,NULL,NULL,NULL),(94,24,'茄子を手で裂き、長さを2～3等分に切る。器に茄子を盛り付け、モロヘイヤソースをかけ、削り節を上にかける。',NULL,'2015-05-05 04:51:29','2015-05-05 04:51:29',NULL,NULL,NULL,NULL),(95,25,'Ａ，Ｃ の豆腐をザルにのせ３０分ほど置き軽く水切りする。',NULL,'2015-05-07 13:54:01','2015-05-07 13:55:28',NULL,NULL,NULL,NULL),(96,25,'Ｂは混ぜて冷蔵庫で冷やしておく。',NULL,'2015-05-07 13:54:01','2015-05-07 13:54:01',NULL,NULL,NULL,NULL),(97,25,'Ａの豆腐と②をミキサーに入れて撹拌する。',NULL,'2015-05-07 13:54:01','2015-05-07 13:54:01',NULL,NULL,NULL,NULL),(98,25,'Ｃ　の豆腐を４等分に切って器に入れ、③のポタージュを注ぎ入れる。',NULL,'2015-05-07 13:54:01','2015-05-07 13:55:57',NULL,NULL,NULL,NULL),(99,26,'えのき茸は３等分に切る。\r\n生ハムは細く切る。\r\nＡは合わせておく。',NULL,'2015-05-07 14:31:54','2015-05-07 14:31:54',NULL,NULL,NULL,NULL),(100,26,'フライパンにオリーブオイル、ニンニク、えのき茸を入れて炒める。',NULL,'2015-05-07 14:31:54','2015-05-07 14:31:54',NULL,NULL,NULL,NULL),(101,26,'えのき茸がしんなりしたら、Ａを入れ汁気がなくなるまで炒め、バットに移し粗熱を取る。',NULL,'2015-05-07 14:31:54','2015-05-07 14:31:54',NULL,NULL,NULL,NULL),(102,26,'生ハムも混ぜる。',NULL,'2015-05-07 14:31:54','2015-05-07 14:31:54',NULL,NULL,NULL,NULL),(103,27,'鯵は３枚におろし分量外の塩　少々を全体にして１０分程おき、水気をふく。',NULL,'2015-05-11 06:40:04','2015-05-11 06:40:04',NULL,NULL,NULL,NULL),(104,27,'骨を取り、薄皮をむく。',NULL,'2015-05-11 06:40:04','2015-05-11 06:40:04',NULL,NULL,NULL,NULL),(105,27,'包丁で細かく切り、千切りにした薬味（しその葉、茗荷、生姜）を混ぜる。',NULL,'2015-05-11 06:40:04','2015-05-11 06:40:04',NULL,NULL,NULL,NULL),(106,27,'味噌、醤油を味をみながら足し混ぜて味を調える。\r\n器に盛り付ける。',NULL,'2015-05-11 06:40:04','2015-05-11 06:40:04',NULL,NULL,NULL,NULL),(107,28,'小松菜は沸騰した湯で茹でてザルにあげ水気をきる。',NULL,'2015-05-11 07:25:16','2015-05-11 07:25:16',NULL,NULL,NULL,NULL),(108,28,'油揚げは2cm\r\n幅に切る。',NULL,'2015-05-11 07:25:16','2015-05-11 07:25:16',NULL,NULL,NULL,NULL),(109,28,'鍋にＡと油揚げを入れ煮立ったら、小①を混ぜ３０分程置いて器に盛り付ける。',NULL,'2015-05-11 07:25:16','2015-05-11 07:25:16',NULL,NULL,NULL,NULL),(110,29,'冷水に粉ゼラチンを振り入れ、ふやかしておく。',NULL,'2015-05-12 09:52:36','2015-05-12 09:52:36',NULL,NULL,NULL,NULL),(111,29,'ミキサーにとうもろこし、水、塩を入れてなめらかになるまで回す。',NULL,'2015-05-12 09:52:36','2015-05-12 09:52:36',NULL,NULL,NULL,NULL),(112,29,'鍋に移して費にかけ、人に立ちしたら塩、コショウで味を調えて火をとめる。ゼラチンを加えて溶かす。',NULL,'2015-05-12 09:52:36','2015-05-12 09:52:36',NULL,NULL,NULL,NULL),(113,29,'ボウルに移して調整豆乳を加え、氷水にあててとろみがついてきたらグラスに入れ、冷蔵庫で冷やし固める。',NULL,'2015-05-12 09:52:36','2015-05-12 09:52:36',NULL,NULL,NULL,NULL),(114,29,'トマトは湯むきをして種をtり、7～8mm角に切って冷蔵庫で冷やす。',NULL,'2015-05-12 09:52:36','2015-05-12 09:52:36',NULL,NULL,NULL,NULL),(115,29,'固まったとうもろこしのムースの上にトマトをのせてセルフィーユを飾る。',NULL,'2015-05-12 09:52:36','2015-05-12 09:52:36',NULL,NULL,NULL,NULL),(116,30,'・長ネギ、人参は2～3cm角に切る。・ひじきは水でン戻しておく。・かじきまぐろは2cm角、長芋は皮をむいて2cm角に切る。豆腐は水切りをする。',NULL,'2015-05-12 10:05:16','2015-05-12 10:05:16',NULL,NULL,NULL,NULL),(117,30,'フードプロセッサーにAを入れてみじん切りにする、。',NULL,'2015-05-12 10:05:16','2015-05-12 10:05:16','025.JPG','image/jpeg',445834,'2015-05-12 10:05:12'),(118,30,'Bを加えて滑らかになるまで回す。',NULL,'2015-05-12 10:05:16','2015-05-12 10:05:16','028.JPG','image/jpeg',573628,'2015-05-12 10:05:14'),(119,30,'お玉や大き目のスプーンで形を整えながら器に入れ、蒸気の上がった蒸し器で約8分蒸す。',NULL,'2015-05-12 10:05:16','2015-05-12 10:05:16',NULL,NULL,NULL,NULL),(120,30,'鍋に出し汁と調味料を加えてひと煮たちさせ、水溶き片栗粉でとろみをつける。',NULL,'2015-05-12 10:05:16','2015-05-12 10:05:16',NULL,NULL,NULL,NULL),(121,30,'蒸し上がった4にあんをかけ、大根おろし、1cm幅に切った三つ葉を添える。',NULL,'2015-05-12 10:05:16','2015-05-12 10:05:16',NULL,NULL,NULL,NULL),(122,31,'きんぴらセットを水洗いして、軽く下茹でする。',NULL,'2015-05-13 05:43:50','2015-05-13 05:43:50',NULL,NULL,NULL,NULL),(123,31,'熱した鍋にオリーブオイルを入れ、\r\n・斜め切りしたネギ\r\n・下ゆでしたきんぴらセット\r\nをさっと炒めて、ひたひたになるまで水を入れて煮る。',NULL,'2015-05-13 05:43:50','2015-05-13 05:43:50',NULL,NULL,NULL,NULL),(124,31,'ゴボウが柔らかくなったら塩で味を調えて、皿に盛り、糸寒天をたっぷり入れて完成\r\n※醤油を隠し味に入れても良い。\r\n※糸寒天は皿に取り分けてから入れること。',NULL,'2015-05-13 05:43:50','2015-05-13 05:43:50',NULL,NULL,NULL,NULL),(125,32,'【豚肉の生姜蒸し】\r\n・フライパンに湯を沸かし、豚肉をさっと洗いザルに空ける\r\n・フライパンを洗って、くし切りにしたタマネギ、洗ったモヤシを敷き詰め、その上に豚肉を乗せる。\r\n・フタをしてごく弱火で蒸し煮をする。\r\n・全体にしんなりしたら、好みの生姜焼きのタレを入れ味をなじませる。\r\n・ピーマンは種をとり適当な細さに切り、皿に盛った肉や野菜の上に乗せる（余熱でしんなりする）',NULL,'2015-05-13 06:06:08','2015-05-13 06:07:11',NULL,NULL,NULL,NULL),(126,32,'【ゴボウとニンジン】\r\n良く洗ってから少し塩を入れた水に放ち、そのまま歯ごたえが残る程度に茹でる。',NULL,'2015-05-13 06:06:08','2015-05-13 06:06:08',NULL,NULL,NULL,NULL),(127,32,'キャベツは良く洗い手でちぎり、蒸し煮にする・',NULL,'2015-05-13 06:06:08','2015-05-13 06:06:08',NULL,NULL,NULL,NULL),(128,36,'新玉ねぎは縦に半分に切り、更に切り口を下にして4等分のくし切りにする。\r\n※切ったあとの新玉ねぎはほぐさないで、そのまま置いておきます。',NULL,'2015-05-22 11:15:30','2015-05-22 11:15:30',NULL,NULL,NULL,NULL),(129,36,'アスパラガスは斜めに4等分に、しめじは石突きを切り落として手でほぐす。',NULL,'2015-05-22 11:15:30','2015-05-22 11:15:30',NULL,NULL,NULL,NULL),(130,36,'にんじんは大きめの乱切りにして、電子レンジ600wで5分程加熱する。',NULL,'2015-05-22 11:15:30','2015-05-22 11:15:30',NULL,NULL,NULL,NULL),(131,36,'豚肉を広げ、おろしにんにくを薄く塗る（またはパウダーを振る）。',NULL,'2015-05-22 11:15:30','2015-05-22 11:15:30',NULL,NULL,NULL,NULL),(132,36,'（1）の新玉ねぎを平らな方を手前にして、薄切り肉でしっかり巻く。',NULL,'2015-05-22 11:15:30','2015-05-22 11:15:30',NULL,NULL,NULL,NULL),(133,36,'フライパンを温めたら、（5）を巻き終わりを下にして並べ、焼き色がつくまで中火で焼く。\r\n※あまり触らないようにしましょう。',NULL,'2015-05-22 11:15:30','2015-05-22 11:15:30',NULL,NULL,NULL,NULL),(134,36,'焼き色が付いたら裏返し、にんじんを加えて更に焼き色が付くまで焼く。',NULL,'2015-05-22 11:15:30','2015-05-22 11:15:30',NULL,NULL,NULL,NULL),(135,36,'両面に焼き色が付いたら、トマト缶、しめじ、ケチャップ、砂糖、バジル粉末を加える。',NULL,'2015-05-22 11:15:30','2015-05-22 11:15:30',NULL,NULL,NULL,NULL),(136,36,'フタをして、沸騰したら弱火にして10分煮込む。',NULL,'2015-05-22 11:15:30','2015-05-22 11:15:30',NULL,NULL,NULL,NULL),(137,36,'肉を裏返し、アスパラガス、塩、粗びき黒こしょうを入れて、更に10分ほど煮込む。',NULL,'2015-05-22 11:15:30','2015-05-22 11:15:30',NULL,NULL,NULL,NULL),(138,36,'味を見て、野菜の水分量によって塩少々を加えて味を整えたら完成！',NULL,'2015-05-22 11:15:30','2015-05-22 11:15:30',NULL,NULL,NULL,NULL),(139,35,'豚肉は一口大に切る。',NULL,'2015-05-22 12:14:21','2015-05-22 12:14:21','img_soup16_02.jpg','image/jpeg',10019,'2015-05-22 12:14:19'),(140,35,'豆腐は1.5cm角に切る。',NULL,'2015-05-22 12:14:21','2015-05-22 12:14:21','img_soup16_03.jpg','image/jpeg',10524,'2015-05-22 12:14:20'),(141,35,'玉ねぎは薄切りに、にんじんは半月の薄切りにする。\r\nしめじは石突きを切って、手で小房にわける。',NULL,'2015-05-22 12:14:21','2015-05-22 12:14:21','img_soup16_04.jpg','image/jpeg',10664,'2015-05-22 12:14:20'),(142,35,'じゃがいもは5mmの半月に切る。',NULL,'2015-05-22 12:14:21','2015-05-22 12:14:21','img_soup16_05.jpg','image/jpeg',9532,'2015-05-22 12:14:20'),(143,35,'鍋にだし汁と野菜、豚肉を入れて途中あくを取りながら煮立てる。',NULL,'2015-05-22 12:14:21','2015-05-22 12:14:21','img_soup16_06.jpg','image/jpeg',11950,'2015-05-22 12:14:20'),(144,35,'材料が柔らかくなったら、豆腐を加える。',NULL,'2015-05-22 12:14:22','2015-05-22 12:14:22','img_soup16_07.jpg','image/jpeg',11756,'2015-05-22 12:14:20'),(145,35,'味噌と牛乳で味を調えたら完成。',NULL,'2015-05-22 12:14:22','2015-05-22 12:14:22','img_soup16_08.jpg','image/jpeg',11694,'2015-05-22 12:14:21'),(146,37,'玄米ごはんを炊く。',NULL,'2015-05-25 12:07:58','2015-05-25 12:07:58',NULL,NULL,NULL,NULL),(147,37,'にんじんはみじん切りにし、玉ねぎとにんじんは粗みじん切りにする。',NULL,'2015-05-25 12:07:58','2015-05-25 12:07:58',NULL,NULL,NULL,NULL),(148,37,'テフロン加工のフライパンで合挽き肉とにんにくを中火で肉に火が通るまで炒める。',NULL,'2015-05-25 12:07:58','2015-05-25 12:07:58',NULL,NULL,NULL,NULL),(149,37,'3.にチリパウダー、にんじん、玉ねぎを加えて中火で2-3分ほど炒める。',NULL,'2015-05-25 12:07:58','2015-05-25 12:07:58',NULL,NULL,NULL,NULL),(150,37,'玉ねぎが透き通ってきたらトマト缶、水、ケチャップ、大豆水煮、玄米ごはんを加える。',NULL,'2015-05-25 12:07:58','2015-05-25 12:07:58',NULL,NULL,NULL,NULL),(151,37,'煮込んだら、コンソメ、チリパウダーを加える。',NULL,'2015-05-25 12:07:58','2015-05-25 12:07:58',NULL,NULL,NULL,NULL),(152,37,'器に盛り付けて刻み切りにしたパセリとこしょうを散らして出来上がり。',NULL,'2015-05-25 12:07:58','2015-05-25 12:07:58','image.jpg','image/jpeg',23914,'2015-05-25 12:07:57'),(153,38,'アボカドは大きめの一口大に切る。玉ねぎは粗みじん切りにする。マッシュルームは薄切りにする。むき海老は背ワタをとり、背中に包丁を入れる。',NULL,'2015-05-27 16:56:51','2015-05-27 16:56:51',NULL,NULL,NULL,NULL),(154,38,'フライパンにオリーブオイルを熱し、玉ねぎを炒める。しんなりしてきたらマッシュルームと海老を加えさっと炒め、豆乳とコンソメを加えてひと煮立ちさせる。ご飯を加えてざっくり混ぜる。',NULL,'2015-05-27 16:56:51','2015-05-27 16:56:51',NULL,NULL,NULL,NULL),(155,38,'ごはんが水分を含んだら塩こしょうで味をととのえて器に盛りつける。\r\n',NULL,'2015-05-27 16:56:51','2015-05-27 16:56:51',NULL,NULL,NULL,NULL),(156,39,'切り干し大根は軽くもみ洗いし、ヒタヒタの水につけて１0分ほどおく。\r\nハムは半分に切り、7～8mm幅の細切りにする。玉ねぎは縦に薄切りにする。ピーマンは縦半分に切って種を除き、縦に7～8mm幅の細切りにする。\r\n　調味料は合わせておく。\r\n',NULL,'2015-05-27 17:06:39','2015-05-27 17:06:39',NULL,NULL,NULL,NULL),(157,39,'切り干し大根の水気を極力軽く絞り、長いものは食べやすく切る。',NULL,'2015-05-27 17:06:39','2015-05-27 17:06:39',NULL,NULL,NULL,NULL),(158,39,'フライパンにオリーブ油大さじ１を熱し、玉ねぎを入れてしんなりするまで炒め、干しシイタケ・切り干し大根を加えて３～4分炒める。',NULL,'2015-05-27 17:06:39','2015-05-27 17:06:39',NULL,NULL,NULL,NULL),(159,39,'ハム、ピーマンと合わせ調味料を加えて、水気がなくなったら器に盛り付ける。',NULL,'2015-05-27 17:06:39','2015-05-27 17:06:39',NULL,NULL,NULL,NULL),(160,40,'サーモンは塩コショウをふり10分おく。香草パン粉の材料を合わせておく。',NULL,'2015-05-27 17:26:47','2015-05-27 17:26:47',NULL,NULL,NULL,NULL),(161,40,'サーモンの上に香草パン粉を押しつけるようにのせ、予熱したオーブンで２００℃15分～焼く。',NULL,'2015-05-27 17:26:47','2015-05-27 17:26:47',NULL,NULL,NULL,NULL),(162,40,'お好みでレモンを絞っていただく。',NULL,'2015-05-27 17:26:47','2015-05-27 17:26:47',NULL,NULL,NULL,NULL),(163,44,'よくかき混ぜた納豆に、すりおろしニンニクと、調味料（しょう油、七味唐辛子、練りからし）を入れる。その後にごはんを加えｒ。',NULL,'2015-06-01 09:49:07','2015-06-01 09:49:07',NULL,NULL,NULL,NULL),(164,44,'油揚げはキッチンペーパーで油気を取り、（油揚げの中に具を詰める為）、切って中を開く。\r\n開いた油揚げに１の具を詰める。',NULL,'2015-06-01 09:49:07','2015-06-01 09:49:07',NULL,NULL,NULL,NULL),(165,44,'フライパンに薄くごま油を引き、強火で表面に軽く焦げ色が付くまで焼く。\r\nひっくり返し、両面を焼いたら出来上がり。仕上げにしょう油を少量フライパンに垂らすと風味がアップ。',NULL,'2015-06-01 09:49:07','2015-06-01 09:49:07',NULL,NULL,NULL,NULL),(166,45,'沸騰したお湯に酒大さじ１としょうがのスライスを入れ、とりささみを茹でる。茹であがったら、鍋から取り出し、常温で冷ましておく。',NULL,'2015-06-01 10:10:06','2015-06-01 10:10:06',NULL,NULL,NULL,NULL),(167,45,'きゅうりは千切り、トマトは輪切りにしておく。ライスペーパーを水で戻し、きゅうり、トマト、冷まして細かく裂いたとりささみを乗せ、巻く。\r\n食べやすい大きさにカットする。',NULL,'2015-06-01 10:10:06','2015-06-01 10:10:06',NULL,NULL,NULL,NULL),(168,45,'タレの材料を全て混ぜ合わせ、タレを作る。ピリ辛風味が好きな方は、豆板醤などを追加しても。',NULL,'2015-06-01 10:10:06','2015-06-01 10:10:06',NULL,NULL,NULL,NULL),(169,45,'出来上がり。',NULL,'2015-06-01 10:10:06','2015-06-01 10:10:06',NULL,NULL,NULL,NULL),(170,46,'ひじきわ湯戻しする。',NULL,'2015-06-01 12:08:17','2015-06-01 12:08:17',NULL,NULL,NULL,NULL),(171,46,'豚肉は茹でて水を切っておく。',NULL,'2015-06-01 12:08:17','2015-06-01 12:08:17',NULL,NULL,NULL,NULL),(172,46,'水菜は5cmはばに切る。',NULL,'2015-06-01 12:08:17','2015-06-01 12:08:17',NULL,NULL,NULL,NULL),(173,46,'玉ねぎは薄くスライスし水さらしする。',NULL,'2015-06-01 12:08:17','2015-06-01 12:08:17',NULL,NULL,NULL,NULL),(174,46,'大根おろし器を使い、大根をおろす。',NULL,'2015-06-01 12:08:17','2015-06-01 12:08:17',NULL,NULL,NULL,NULL),(175,46,'5.の大根おろしをギュッと絞ってポン酢しょうゆと混ぜる。',NULL,'2015-06-01 12:08:17','2015-06-01 12:08:17',NULL,NULL,NULL,NULL),(176,46,'お皿にひじきと3.と4.を混ぜる。',NULL,'2015-06-01 12:08:17','2015-06-01 12:08:17',NULL,NULL,NULL,NULL),(177,46,'7.に茹でた豚肉をのせて、6.をかけて、仕上げに刻んだ大葉を散らす。',NULL,'2015-06-01 12:08:17','2015-06-01 12:08:17',NULL,NULL,NULL,NULL),(178,47,'豆腐とトマトをそれぞれ1cm幅に切る。',NULL,'2015-06-01 12:15:05','2015-06-01 12:15:05',NULL,NULL,NULL,NULL),(179,47,'調味料(しょうゆ、酢、ごま油、練りわさび)を混ぜ合わせる。',NULL,'2015-06-01 12:15:05','2015-06-01 12:15:05',NULL,NULL,NULL,NULL),(180,47,'お皿に豆腐とトマトを交互に並べ、刻みねぎを散らす。',NULL,'2015-06-01 12:15:05','2015-06-01 12:15:05',NULL,NULL,NULL,NULL),(181,47,'3.に2.をかける。',NULL,'2015-06-01 12:15:05','2015-06-01 12:15:05',NULL,NULL,NULL,NULL),(182,48,'木綿豆腐をざるに移し、15分間水切りをする。',NULL,'2015-06-01 12:30:41','2015-06-01 12:30:41',NULL,NULL,NULL,NULL),(183,48,'木綿豆腐、味噌、はちみつ、バニラエッセンスをミキサーにかける。',NULL,'2015-06-01 12:30:41','2015-06-01 12:30:41',NULL,NULL,NULL,NULL),(184,48,'（2）を半分に分け、ボールにうつす。',NULL,'2015-06-01 12:30:41','2015-06-01 12:30:41',NULL,NULL,NULL,NULL),(185,48,'残りの半分にコーヒー粉末を入れ、ミキサーにかける。',NULL,'2015-06-01 12:30:41','2015-06-01 12:30:41',NULL,NULL,NULL,NULL),(186,48,'（3）（4）を器に盛りつけ、コーヒー粉末をふりかける。\r\n※コーヒーの層とプレーンな層が混ざらないようにすると見た目がキレイです。',NULL,'2015-06-01 12:30:41','2015-06-01 12:30:41',NULL,NULL,NULL,NULL),(187,48,'冷蔵庫で5分間冷やす。',NULL,'2015-06-01 12:30:41','2015-06-01 12:30:41',NULL,NULL,NULL,NULL),(188,49,'かぼちゃは2cmに角切りにして耐熱皿にいれる。',NULL,'2015-06-01 12:35:01','2015-06-01 12:35:01',NULL,NULL,NULL,NULL),(189,49,'（1）に水を小さじ1杯ほどいれラップして、電子レンジ500wで5分程度加熱する。その後、粗熱がとれるまで冷ましておく。 \r\n※時間が無い時は、冷蔵庫に入れて冷ますと早く冷めます。',NULL,'2015-06-01 12:35:01','2015-06-01 12:35:01',NULL,NULL,NULL,NULL),(190,49,'冷ましている間にきゅうりを2cmに半月切りにする。',NULL,'2015-06-01 12:35:01','2015-06-01 12:35:01',NULL,NULL,NULL,NULL),(191,49,'ヨーグルトにレモン汁を加えたものを（2）と（3）と和えてこしょうを散らす。',NULL,'2015-06-01 12:35:01','2015-06-01 12:35:01',NULL,NULL,NULL,NULL),(193,51,'干し椎茸は水で戻して、千切りにします。',NULL,'2015-06-01 12:55:06','2015-06-01 12:55:06',NULL,NULL,NULL,NULL),(194,51,'舞茸は石づきを取り、ほぐしておきます。えのきは石づきを除き、長さを3等分に切り、ほぐしておきます。',NULL,'2015-06-01 12:55:06','2015-06-01 12:55:06',NULL,NULL,NULL,NULL),(195,51,'春雨は熱湯につけて戻し、3㎝位に切ります。',NULL,'2015-06-01 12:55:06','2015-06-01 12:55:06',NULL,NULL,NULL,NULL),(196,51,'温めた鍋に油を入れ、生姜と長ねぎのみじん切りを炒め、だし汁と椎茸の戻し汁を合わせて5カップを加え、\"1\"を煮ます。',NULL,'2015-06-01 12:55:06','2015-06-01 12:55:06',NULL,NULL,NULL,NULL),(197,51,'\"4\"の鍋に\"2\"と\"3\"を加え、塩・こしょう・醤油で味を整えます。',NULL,'2015-06-01 12:55:07','2015-06-01 12:55:07',NULL,NULL,NULL,NULL),(198,51,'最後にわかめを散らします。',NULL,'2015-06-01 12:55:07','2015-06-01 12:55:07',NULL,NULL,NULL,NULL),(199,53,'じゃがいもの皮をむき、8等分程度に切る',NULL,'2015-06-03 12:27:54','2015-06-03 12:27:54','image.jpg','image/jpeg',7308,'2015-06-03 12:27:52'),(200,53,'(1)をやわらかくなるまで茹でる、または耐熱容器に入れて電子レンジで加熱する',NULL,'2015-06-03 12:27:54','2015-06-03 12:27:54','image.jpg','image/jpeg',7495,'2015-06-03 12:27:53'),(201,53,'(2)をフォークまたはマッシャーでつぶす',NULL,'2015-06-03 12:27:55','2015-06-03 12:27:55','image.jpg','image/jpeg',14137,'2015-06-03 12:27:53'),(202,53,'(3)に塩と片栗粉を加え、よく混ぜ合わせる',NULL,'2015-06-03 12:27:55','2015-06-03 12:27:55','image.jpg','image/jpeg',6822,'2015-06-03 12:27:53'),(203,53,'(4)に茹でた枝豆を加えて、さらに混ぜる',NULL,'2015-06-03 12:27:55','2015-06-03 12:27:55','image.jpg','image/jpeg',8384,'2015-06-03 12:27:53'),(204,53,'(5)を5cm大程度に平たく丸める',NULL,'2015-06-03 12:27:55','2015-06-03 12:27:55','image.jpg','image/jpeg',7498,'2015-06-03 12:27:53'),(205,53,'フライパンに油をひいて中火にかけ、(6)を並べて焼く。焼き目がついたら裏返す。',NULL,'2015-06-03 12:27:55','2015-06-03 12:27:55','image.jpg','image/jpeg',10508,'2015-06-03 12:27:54'),(206,53,'裏返したら、フタをして蒸し焼きにする',NULL,'2015-06-03 12:27:55','2015-06-03 12:27:55','image.jpg','image/jpeg',9441,'2015-06-03 12:27:54'),(207,53,'両面が焼けたらバターを加えて全体に絡め、風味付けしたら完成',NULL,'2015-06-03 12:27:55','2015-06-03 12:27:55','image.jpg','image/jpeg',10870,'2015-06-03 12:27:54'),(208,54,'こんにゃくは3mm程度の短冊切りにし、あく抜きのため茹でておく',NULL,'2015-06-03 12:53:33','2015-06-03 12:53:33','image.jpg','image/jpeg',7589,'2015-06-03 12:53:32'),(209,54,'にんじんは千切り、長ネギはみじん切り、青ネギは小口切りにする',NULL,'2015-06-03 12:53:33','2015-06-03 12:53:33','image.jpg','image/jpeg',8196,'2015-06-03 12:53:32'),(210,54,'テフロン加工のフライパンに合挽き肉と長ネギを入れ、弱火〜中火で炒める',NULL,'2015-06-03 12:53:33','2015-06-03 12:53:33','image.jpg','image/jpeg',10398,'2015-06-03 12:53:32'),(211,54,'(3)がある程度火が通って油が出てきたら、(1)を炒める',NULL,'2015-06-03 12:53:33','2015-06-03 12:53:33','image.jpg','image/jpeg',11195,'2015-06-03 12:53:32'),(212,54,'(4)を水分を飛ばしながら炒め、にんじんと材料(A)を加えて炒める',NULL,'2015-06-03 12:53:33','2015-06-03 12:53:33','image.jpg','image/jpeg',11695,'2015-06-03 12:53:32'),(213,54,'にんじんに火が通るまで炒めたら器に盛り付け、青ネギを散らしたら出来上がり',NULL,'2015-06-03 12:53:34','2015-06-03 12:53:34','image.jpg','image/jpeg',10929,'2015-06-03 12:53:33'),(214,55,'鱈の皮に2本切り込みを入れ、塩・黒こしょうを料理にふる',NULL,'2015-06-03 13:10:18','2015-06-03 13:10:18','image.jpg','image/jpeg',5201,'2015-06-03 13:10:17'),(215,55,'にんじん、キャベツは千切り、玉ねぎは薄切りにする',NULL,'2015-06-03 13:10:18','2015-06-03 13:10:18','image.jpg','image/jpeg',8859,'2015-06-03 13:10:17'),(216,55,'しょうが、にんにくは薄切り、大葉は軸の部分を取って細切りにする',NULL,'2015-06-03 13:10:19','2015-06-03 13:10:19','image.jpg','image/jpeg',7507,'2015-06-03 13:10:17'),(217,55,'耐熱皿に(2)の材料を半分しき、上に鱈をのせる',NULL,'2015-06-03 13:10:19','2015-06-03 13:10:19','image.jpg','image/jpeg',9319,'2015-06-03 13:10:17'),(218,55,'鱈の上に(3)のしょうが、にんにくを乗せ、(2)の残り半分をのせる',NULL,'2015-06-03 13:10:19','2015-06-03 13:10:19','image.jpg','image/jpeg',8338,'2015-06-03 13:10:18'),(219,55,'酒をふりかけ、ラップをし電子レンジで5分間加熱する',NULL,'2015-06-03 13:10:19','2015-06-03 13:10:19','image.jpg','image/jpeg',8582,'2015-06-03 13:10:18'),(220,55,'(6)を器に盛り付け、大葉、ごま油、濃口醤油をかける',NULL,'2015-06-03 13:10:19','2015-06-03 13:10:19','image.jpg','image/jpeg',10597,'2015-06-03 13:10:18'),(221,56,'テスト',NULL,'2015-06-04 07:58:19','2015-06-04 07:58:19',NULL,NULL,NULL,NULL),(222,57,'玉ねぎの皮をむき、十字に切り目を深くいれる',NULL,'2015-06-07 01:46:15','2015-06-07 01:46:15','image.jpg','image/jpeg',4341,'2015-06-07 01:46:14'),(223,57,'切り目を入れたところに鰹節を豪快にはさむ。',NULL,'2015-06-07 01:46:15','2015-06-07 01:46:15','image.jpg','image/jpeg',6155,'2015-06-07 01:46:14'),(224,57,'ラップをして4〜5分電子レンジにかける',NULL,'2015-06-07 01:46:15','2015-06-07 01:46:58','image.jpg','image/jpeg',8173,'2015-06-07 01:46:58'),(225,57,'出汁醤油かポン酢をたらして出来上がり。',NULL,'2015-06-07 01:46:15','2015-06-07 01:46:15','image.jpg','image/jpeg',9245,'2015-06-07 01:46:15'),(226,58,'乾燥わかめを水に約5分ほど浸しておく。',NULL,'2015-06-07 01:51:15','2015-06-07 01:51:15','img_sidedish31_02.jpg','image/jpeg',12939,'2015-06-07 01:51:15'),(227,58,'もやしはさっと茹で水にさらして冷ます。',NULL,'2015-06-07 01:51:15','2015-06-07 01:51:15','img_sidedish31_03.jpg','image/jpeg',11641,'2015-06-07 01:51:15'),(228,58,'（1）と（2）に材料A（調味料）とごまを混ぜ、お皿に盛る。',NULL,'2015-06-07 01:51:16','2015-06-07 01:51:16','img_sidedish31_04.jpg','image/jpeg',16825,'2015-06-07 01:51:15'),(229,61,'ごま油にみじん切りにしたしょうがと鷹の爪を入れ、香りが出るまで炒める。',NULL,'2015-06-19 07:12:12','2015-06-19 07:13:50','IMG_3669.JPG','image/jpeg',79627,'2015-06-19 07:13:49'),(230,61,'にんにくの芽を入れ炒める。火が通ったら、ニラときくらげ（水で戻したもの）を入れる。',NULL,'2015-06-19 07:12:12','2015-06-19 07:13:51','IMG_3670.JPG','image/jpeg',90193,'2015-06-19 07:13:49'),(231,61,'塩、コショウ、五香粉、を入れ炒める。その後、溶き卵（割りほぐし、塩、コショウで味付けをする。）を絡め、醤油で香りを付けたら出来上がり。',NULL,'2015-06-19 07:12:12','2015-06-19 07:13:51','IMG_3671.JPG','image/jpeg',75461,'2015-06-19 07:13:50'),(232,61,'仕上げに、かつお節をかけて出来上がり。',NULL,'2015-06-19 07:12:12','2015-06-19 07:13:51','IMG_3672.JPG','image/jpeg',99987,'2015-06-19 07:13:50'),(233,63,'切り干し大根は食べやすい大きさに切り、水で戻しておく。\r\n',NULL,'2015-07-07 07:27:19','2015-07-07 07:27:19',NULL,NULL,NULL,NULL),(234,63,'油揚げと人参は短冊切りにする。',NULL,'2015-07-07 07:27:19','2015-07-07 07:27:19',NULL,NULL,NULL,NULL),(235,63,'鍋に油を入れて１，２の材料をサッと炒め、火が通ったらだし汁と調味料を全て加えて落としぶたをして弱火で煮る。',NULL,'2015-07-07 07:27:19','2015-07-07 07:27:19',NULL,NULL,NULL,NULL),(236,63,'約15分ほど煮て、全体に味がしみこんだらできあがり。',NULL,'2015-07-07 07:27:19','2015-07-07 07:27:19',NULL,NULL,NULL,NULL),(237,64,'お豆腐を水切りしますが、時間がなければそのままでも大丈夫です。そのときはお豆腐を８０gにしてください。たまねぎをみじんぎりにします。',NULL,'2015-07-09 14:25:49','2015-07-09 14:25:49',NULL,NULL,NULL,NULL),(238,64,'ボールに鶏ミンチ、豆腐、たまねぎ、片栗粉、塩、（お好みでこしょうも）を入れ、よくこねます。まとまらなければ片栗粉を少したしてください。',NULL,'2015-07-09 14:25:49','2015-07-09 14:25:49',NULL,NULL,NULL,NULL),(239,64,'タッパーかバットにお好みの大きさに丸めた②を入れ、分量外の片栗粉をまぶします。',NULL,'2015-07-09 14:25:49','2015-07-09 14:25:49',NULL,NULL,NULL,NULL),(240,64,'フライパンにオリーブオイルをひき、すこし焦げ目がつくくらいまで全面をまんべんなくやきます。',NULL,'2015-07-09 14:25:49','2015-07-09 14:25:49',NULL,NULL,NULL,NULL),(241,64,'フライパンからミートボールをとりだし、そのフライパンにトマトソースの材料をすべていれ煮詰めます。',NULL,'2015-07-09 14:25:49','2015-07-09 14:25:49',NULL,NULL,NULL,NULL),(242,64,'ソースがなじんできたら、ミートボールをもどし、ソースを絡めながら煮詰めます。',NULL,'2015-07-09 14:25:49','2015-07-09 14:25:49',NULL,NULL,NULL,NULL),(243,66,'すべての材料を深めの筒状の容器にいれて、ブレンダーで混ぜる。\r\nブレンダーがなければミキサーでももちろんok。',NULL,'2015-07-10 07:45:24','2015-07-10 07:45:24',NULL,NULL,NULL,NULL),(244,66,'初めはまざりにくですが、水分は一切いれません。\r\nブレンダーをぐるぐる回しながら押し付けたり、スプーンで底の部分を上にもってきたりしながら、全体がまんべんなくなめらかに混ざり合うまでブレンダーをかけましょう。',NULL,'2015-07-10 07:45:24','2015-07-10 07:45:24',NULL,NULL,NULL,NULL),(245,66,'なめらかになったら、冷やした容器によそって、できあがり。',NULL,'2015-07-10 07:45:24','2015-07-10 07:45:24',NULL,NULL,NULL,NULL),(246,67,'きゅうりをスライスして塩をまぶしておく。',NULL,'2015-07-13 15:07:27','2015-07-13 15:07:27',NULL,NULL,NULL,NULL),(247,67,'お酢にはちみつを混ぜ合わせておく。',NULL,'2015-07-13 15:07:27','2015-07-13 15:07:27',NULL,NULL,NULL,NULL),(248,67,'きゅうりから水分が出てきたら、さっと水洗いして、ぎゅっと手でしぼってボールに入れる。',NULL,'2015-07-13 15:07:27','2015-07-13 15:07:27',NULL,NULL,NULL,NULL),(249,67,'大葉の塩漬けは、大葉を洗って水分をふきとり、塩をまぶして重ねる。',NULL,'2015-07-13 15:07:27','2015-07-13 15:07:27',NULL,NULL,NULL,NULL),(250,67,'ラップで包んで、重しをして半日ほどおく。（私は牛乳を重し代わりにしてます。）\r\n塩漬けでなくても、もちろん美味しいです。',NULL,'2015-07-13 15:07:27','2015-07-13 15:07:27',NULL,NULL,NULL,NULL),(251,67,'ボールにすべての材料を入れてまぜあわせる。',NULL,'2015-07-13 15:07:27','2015-07-13 15:07:27',NULL,NULL,NULL,NULL),(252,67,'お皿に盛ってごまをふる。',NULL,'2015-07-13 15:07:27','2015-07-13 15:07:27',NULL,NULL,NULL,NULL),(253,68,'なすは乱切り。パプリカは５mm幅の細切り。インゲンは５cmの長さに切っておく。\r\nささみも一口大に切っておく。',NULL,'2015-07-13 19:37:42','2015-07-13 22:19:08',NULL,NULL,NULL,NULL),(254,68,'鍋にココナツオイル（大さじ１）を入れ溶けてきたらカレーペストを加えて弱火で炒める。',NULL,'2015-07-13 19:37:42','2015-07-13 22:42:40',NULL,NULL,NULL,NULL),(255,68,'香りが出てきたら、ささみを加えて炒める。\r\n',NULL,'2015-07-13 19:37:42','2015-07-13 22:25:17',NULL,NULL,NULL,NULL),(256,68,'インゲン、パプリカ、なすの順で野菜を入れて炒める。',NULL,'2015-07-13 19:37:42','2015-07-13 22:37:47',NULL,NULL,NULL,NULL),(257,68,'豆乳を加え、砂糖、ナンプラー、ココナツオイル（大さじ１）も加えて味を整える。',NULL,'2015-07-13 19:37:42','2015-07-13 22:42:40',NULL,NULL,NULL,NULL),(258,68,'最後にバジルの葉を加えたら出来上がり。\r\nごはんを添えていただきます。',NULL,'2015-07-13 19:37:42','2015-07-13 22:35:49',NULL,NULL,NULL,NULL),(259,69,'スイートチリソースとナンプラーを混ぜ合わせドレッシングをつくる。',NULL,'2015-07-13 20:41:02','2015-07-13 20:41:02',NULL,NULL,NULL,NULL),(260,69,'トマトは一口大、コリアンダーは２cmの長さに切る。',NULL,'2015-07-13 20:41:02','2015-07-13 20:41:02',NULL,NULL,NULL,NULL),(261,69,'トマトとコリアンダーを１のドレッシングであえて出来上がり',NULL,'2015-07-13 20:41:02','2015-07-13 20:41:02',NULL,NULL,NULL,NULL),(262,70,'バナナの皮をむき１cmの厚さの輪切りにする。',NULL,'2015-07-13 21:57:03','2015-07-13 22:52:09',NULL,NULL,NULL,NULL),(263,70,'蓋つきの容器にいれ冷凍庫で凍らせる。\r\n（３−４時間以上、できれば一晩凍らせる）',NULL,'2015-07-13 21:57:03','2015-07-13 22:52:09',NULL,NULL,NULL,NULL),(264,70,'凍ったバナナをフードプロッセサーにいれて、スイッチオン！',NULL,'2015-07-13 21:57:03','2015-07-13 21:57:03',NULL,NULL,NULL,NULL),(265,70,'クリーム状になるまで攪拌する。',NULL,'2015-07-13 21:57:03','2015-07-13 22:52:09',NULL,NULL,NULL,NULL),(266,70,'クリーム状になったら、蓋つきの容器にいれてもう一度冷凍庫で凍らせて出来上がり。',NULL,'2015-07-13 21:57:03','2015-07-13 22:55:45',NULL,NULL,NULL,NULL),(267,70,'４の状態でもアイスクリーム状になっているので食べられますが、少し柔らかいので５でもう一度凍らせる事により、アイスクリームの感じにさらに近づきます。',NULL,'2015-07-13 21:57:03','2015-07-13 22:56:14',NULL,NULL,NULL,NULL);
/*!40000 ALTER TABLE `procedures` ENABLE KEYS */;
UNLOCK TABLES;

--
-- Table structure for table `recipe_feelings`
--

DROP TABLE IF EXISTS `recipe_feelings`;
/*!40101 SET @saved_cs_client     = @@character_set_client */;
/*!40101 SET character_set_client = utf8 */;
CREATE TABLE `recipe_feelings` (
  `id` int(11) NOT NULL AUTO_INCREMENT,
  `recipe_id` int(11) DEFAULT NULL,
  `feeling` int(11) DEFAULT NULL,
  `created_at` datetime DEFAULT NULL,
  `updated_at` datetime DEFAULT NULL,
  PRIMARY KEY (`id`)
) ENGINE=InnoDB AUTO_INCREMENT=62 DEFAULT CHARSET=utf8;
/*!40101 SET character_set_client = @saved_cs_client */;

--
-- Dumping data for table `recipe_feelings`
--

LOCK TABLES `recipe_feelings` WRITE;
/*!40000 ALTER TABLE `recipe_feelings` DISABLE KEYS */;
INSERT INTO `recipe_feelings` VALUES (1,63,4,'2015-07-07 07:27:19','2015-07-07 07:27:19'),(2,63,5,'2015-07-07 07:27:19','2015-07-07 07:27:19'),(3,63,6,'2015-07-07 07:27:19','2015-07-07 07:27:19'),(4,63,4,'2015-07-07 07:29:14','2015-07-07 07:29:14'),(5,63,5,'2015-07-07 07:29:14','2015-07-07 07:29:14'),(6,63,6,'2015-07-07 07:29:14','2015-07-07 07:29:14'),(7,63,4,'2015-07-07 07:29:28','2015-07-07 07:29:28'),(8,63,5,'2015-07-07 07:29:28','2015-07-07 07:29:28'),(9,63,6,'2015-07-07 07:29:28','2015-07-07 07:29:28'),(10,63,4,'2015-07-07 07:30:46','2015-07-07 07:30:46'),(11,63,5,'2015-07-07 07:30:46','2015-07-07 07:30:46'),(12,63,6,'2015-07-07 07:30:46','2015-07-07 07:30:46'),(13,63,4,'2015-07-07 07:37:52','2015-07-07 07:37:52'),(14,63,5,'2015-07-07 07:37:52','2015-07-07 07:37:52'),(15,63,6,'2015-07-07 07:37:52','2015-07-07 07:37:52'),(16,63,4,'2015-07-07 07:38:11','2015-07-07 07:38:11'),(17,63,5,'2015-07-07 07:38:11','2015-07-07 07:38:11'),(18,63,6,'2015-07-07 07:38:11','2015-07-07 07:38:11'),(19,64,3,'2015-07-09 14:25:49','2015-07-09 14:25:49'),(20,64,3,'2015-07-09 14:27:39','2015-07-09 14:27:39'),(21,64,3,'2015-07-09 14:28:47','2015-07-09 14:28:47'),(22,64,3,'2015-07-09 14:33:20','2015-07-09 14:33:20'),(23,64,3,'2015-07-09 14:49:40','2015-07-09 14:49:40'),(24,64,3,'2015-07-10 03:41:39','2015-07-10 03:41:39'),(25,64,3,'2015-07-10 03:41:58','2015-07-10 03:41:58'),(26,66,2,'2015-07-10 07:45:24','2015-07-10 07:45:24'),(27,66,2,'2015-07-10 07:50:20','2015-07-10 07:50:20'),(28,66,2,'2015-07-10 13:28:45','2015-07-10 13:28:45'),(29,67,2,'2015-07-13 15:07:27','2015-07-13 15:07:27'),(30,67,4,'2015-07-13 15:07:27','2015-07-13 15:07:27'),(31,67,7,'2015-07-13 15:07:27','2015-07-13 15:07:27'),(32,67,2,'2015-07-13 15:17:09','2015-07-13 15:17:09'),(33,67,4,'2015-07-13 15:17:09','2015-07-13 15:17:09'),(34,67,7,'2015-07-13 15:17:09','2015-07-13 15:17:09'),(35,68,3,'2015-07-13 19:18:37','2015-07-13 19:18:37'),(36,69,2,'2015-07-13 19:21:44','2015-07-13 19:21:44'),(37,68,3,'2015-07-13 19:37:42','2015-07-13 19:37:42'),(38,68,3,'2015-07-13 19:42:00','2015-07-13 19:42:00'),(39,68,3,'2015-07-13 19:44:18','2015-07-13 19:44:18'),(40,68,3,'2015-07-13 19:48:37','2015-07-13 19:48:37'),(41,68,3,'2015-07-13 20:08:30','2015-07-13 20:08:30'),(42,68,3,'2015-07-13 20:31:48','2015-07-13 20:31:48'),(43,69,2,'2015-07-13 20:41:02','2015-07-13 20:41:02'),(44,69,2,'2015-07-13 20:46:18','2015-07-13 20:46:18'),(45,69,2,'2015-07-13 20:47:47','2015-07-13 20:47:47'),(46,68,3,'2015-07-13 22:11:45','2015-07-13 22:11:45'),(47,68,3,'2015-07-13 22:18:30','2015-07-13 22:18:30'),(48,68,3,'2015-07-13 22:19:08','2015-07-13 22:19:08'),(49,68,3,'2015-07-13 22:24:35','2015-07-13 22:24:35'),(50,68,3,'2015-07-13 22:25:17','2015-07-13 22:25:17'),(51,68,3,'2015-07-13 22:27:40','2015-07-13 22:27:40'),(52,68,3,'2015-07-13 22:28:12','2015-07-13 22:28:12'),(53,68,3,'2015-07-13 22:28:38','2015-07-13 22:28:38'),(54,68,3,'2015-07-13 22:35:49','2015-07-13 22:35:49'),(55,68,3,'2015-07-13 22:37:47','2015-07-13 22:37:47'),(56,68,3,'2015-07-13 22:42:40','2015-07-13 22:42:40'),(57,68,3,'2015-07-13 22:44:54','2015-07-13 22:44:54'),(58,68,3,'2015-07-13 22:58:15','2015-07-13 22:58:15'),(59,69,2,'2015-07-13 22:58:51','2015-07-13 22:58:51'),(60,68,3,'2015-07-13 23:04:08','2015-07-13 23:04:08'),(61,68,3,'2015-07-13 23:09:32','2015-07-13 23:09:32');
/*!40000 ALTER TABLE `recipe_feelings` ENABLE KEYS */;
UNLOCK TABLES;

--
-- Table structure for table `recipes`
--

DROP TABLE IF EXISTS `recipes`;
/*!40101 SET @saved_cs_client     = @@character_set_client */;
/*!40101 SET character_set_client = utf8 */;
CREATE TABLE `recipes` (
  `id` int(11) NOT NULL AUTO_INCREMENT,
  `name` varchar(255) DEFAULT NULL,
  `description` text,
  `user_id` int(11) DEFAULT NULL,
  `created_at` datetime DEFAULT NULL,
  `updated_at` datetime DEFAULT NULL,
  `tip` text,
  `calorie` int(11) DEFAULT NULL,
  `image` varchar(255) DEFAULT NULL,
  `recipe_select` int(11) DEFAULT NULL,
  `favorite_number` int(11) DEFAULT NULL,
  `kind` int(11) DEFAULT NULL,
  `image_file_name` varchar(255) DEFAULT NULL,
  `image_content_type` varchar(255) DEFAULT NULL,
  `image_file_size` int(11) DEFAULT NULL,
  `image_updated_at` datetime DEFAULT NULL,
  `category` int(11) DEFAULT NULL,
  `people` int(11) DEFAULT NULL,
  `pre_save` int(11) DEFAULT NULL,
  `sugar` int(11) DEFAULT NULL,
  PRIMARY KEY (`id`)
) ENGINE=InnoDB AUTO_INCREMENT=71 DEFAULT CHARSET=utf8;
/*!40101 SET character_set_client = @saved_cs_client */;

--
-- Dumping data for table `recipes`
--

LOCK TABLES `recipes` WRITE;
/*!40000 ALTER TABLE `recipes` DISABLE KEYS */;
INSERT INTO `recipes` VALUES (1,'test1','test',1,'2015-03-27 08:22:13','2015-05-29 02:42:13','',NULL,NULL,1,NULL,NULL,NULL,NULL,NULL,NULL,NULL,NULL,0,NULL),(2,'test2','test',1,'2015-03-27 08:22:27','2015-05-29 02:42:13','',NULL,NULL,2,NULL,NULL,NULL,NULL,NULL,NULL,NULL,NULL,0,NULL),(3,'test3','test',1,'2015-03-27 08:23:00','2015-05-29 02:42:13','',NULL,NULL,2,NULL,NULL,NULL,NULL,NULL,NULL,NULL,NULL,0,NULL),(4,'✿アボカドと豆腐のサラダわさびソース✿','和と伊のコラボ♪\r\nオリーブオイルにわさび醤油の\r\nソースでアボカド豆腐♪',2,'2015-03-30 02:51:04','2015-05-29 02:42:13','わさびに少量ずつオリーブオイルを入れながら混ぜると良く合わさります。',NULL,NULL,2,NULL,7,'abokado5.jpg','image/jpeg',11642,'2015-03-30 02:51:02',NULL,NULL,0,NULL),(5,'糖質オフ】高野豆腐衣の豚カツ','パン粉の代わりに高野豆腐を使って糖質オフ！粉チーズを混ぜた衣はサクッと軽く、風味も豊か♪揚げたてアツアツを召し上がれ！',2,'2015-03-30 02:55:57','2015-05-29 02:42:13','パン粉は糖質が多いので、高野豆腐で代用します。アーモンドやごまを使ってもOK！小麦粉も最小限にしたいので、豚肉の水気をふいてから粉を軽くはたきつけるようにしましょう。そのままでもおいしいですが、味が薄い場合は少し塩をふっていただきましょう',NULL,NULL,1,NULL,2,'katu.jpg','image/jpeg',31700,'2015-03-30 02:55:57',NULL,NULL,0,NULL),(6,'キャベツのうまたれで食す◇春じゃこワカメ','春になると美味しいワカメの新芽と釜揚げじゃこがお店に並んで嬉しいな♫味付けはこれがイチ押しです✿',2,'2015-03-30 02:58:32','2015-05-29 02:42:13','いろんなものにキャベツのうまたれをかけて食べてみましたが　ワカメが一番合うと思います。\r\nレシピにするほどの料理ではありませんが　献立に載せたかったのでレシピアップしました。',NULL,NULL,2,NULL,7,'kyabetu.jpg','image/jpeg',38969,'2015-03-30 02:58:32',NULL,NULL,0,NULL),(7,'☆糖質制限☆簡単コラーゲン梅酒ゼリー','何か甘くて冷たいデザートが食べたい♪美肌も気になる…糖質制限中の我々のために☆コラーゲンたっぷり簡単すぎる手作りゼリー♪',2,'2015-03-31 04:50:13','2015-05-29 02:42:13','ボウルも要らないし、カップ１つでできちゃうので、簡単すぎて毎日食べちゃいそうです(*￣∇￣*)お酒に弱い方やお子様には、梅ジュースで作ってくださいね☆紅茶ver.とコーヒーver.もぜひ♪',NULL,NULL,2,NULL,11,'image.jpg','image/jpeg',39926,'2015-03-31 04:50:12',NULL,NULL,0,NULL),(8,'豆腐ハンバーグと発芽玄米ご飯で作るヘルシーロコモコ','市販の豆腐ハンバーグと発芽玄米を使って作る簡単ヘルシーロコモコです。',3,'2015-04-02 00:15:37','2015-05-29 02:42:13','①は多めに作るとご飯全体にソースが絡むので多めをお勧めします。マヨネーズは（トクホ）を利用するとカロリーや脂質も下がります。',NULL,NULL,1,NULL,10,'DSC_0163.jpg','image/jpeg',299974,'2015-04-02 00:15:36',NULL,NULL,0,NULL),(9,'玄米ご飯の野菜たっぷりヘルシータコライス','セロリが嫌いな方でもセロリがクリア出来るとってもヘルシーで簡単メニューです。',3,'2015-04-02 03:43:18','2015-05-29 02:42:13','香味野菜のえぐみを飛ばす為にも最初に野菜をしっかり炒めましょう。肉より野菜を多めにする事で食感とボリュームを楽しめるヘルシー料理です。',NULL,NULL,1,NULL,10,'DSC_0326.jpg','image/jpeg',193408,'2015-04-02 03:44:04',NULL,NULL,0,NULL),(10,'セロリの葉とカブやトマトを使ったヘルシーグラタン','セロリの葉やスープセロリ、プチトマトを使ってセロリやトマトが苦手の方でも食べ易いヘルシーグラタンです。',3,'2015-04-02 08:24:09','2015-05-29 02:42:13','トマトはプチトマトの方が食感が食べやすいです。焼きあがった後にオリーブオイルを少量かける事で艶が出てパセリを散らす事で色合いも鮮やかに仕上がります。',NULL,NULL,1,NULL,5,'DSC_0269.jpg','image/jpeg',1342166,'2015-04-02 08:24:07',NULL,NULL,0,NULL),(11,'ブリの漬け','ブリのお刺身を漬けにして美味しく頂きます。',3,'2015-04-03 00:47:16','2015-05-29 02:42:13','ご飯にのせても食べても美味しいです。',NULL,NULL,1,NULL,3,'62de1faebef9b49a48ac987ec035f71a6eb044d.jpg','image/jpeg',454152,'2015-04-03 00:47:15',NULL,NULL,0,NULL),(12,'ショウガと野菜たっぷり豚汁','生姜を入れる事で身体もお腹も温まり新陳代謝促進にもなるおすすめメニューです。',3,'2015-04-03 00:56:31','2015-05-29 02:42:13','生姜を入れる事、豚肉を軽くごま油で炒める事でコクのある豚汁に仕上がります。',NULL,NULL,2,NULL,8,'34b4fdcc31af477d5086467e3cabaf48.jpg','image/jpeg',240397,'2015-04-03 00:56:30',NULL,NULL,0,NULL),(13,'ミックスビーンズの簡単ヘルシーサラダ','缶詰めや袋詰めのミックスビーンズを使った簡単サラダです。',3,'2015-04-03 01:08:38','2015-05-29 02:42:13','ワサビはお好みで量を調整してください。サウザンドレッシングはヘルシーにする為にはノンオイルタイプをお勧めします。',NULL,NULL,2,NULL,7,'4f99e8516b8bf1798f854a02a045a8a5.jpg','image/jpeg',45129,'2015-04-03 01:08:56',NULL,NULL,0,NULL),(14,'温玉乗せヘルシーしょうが焼き丼','温玉と赤ピーマン、しし唐（お好みでピーマンに）ネギ、生姜焼きを盛り合わせる事で彩り鮮やか野菜たっぷりのヘルシーしょうが焼き丼になります。',3,'2015-04-03 23:51:52','2015-05-29 02:42:13','生姜焼きのタレがあっさりしている為、ボリューム感たっぶりでもあっさりヘルシーに生姜焼きが楽しめます。',NULL,NULL,1,NULL,2,'3b535e9e2d59f597c639c1b086812d8f087d9ca.jpg','image/jpeg',422839,'2015-04-03 23:51:49',NULL,NULL,0,NULL),(15,'温玉乗せヘルシーしょうが焼き丼','温玉と赤ピーマン、しし唐（お好みでピーマンに）ネギ、生姜焼きを盛り合わせる事で彩り鮮やか野菜たっぷりのヘルシーしょうが焼き丼になります。',3,'2015-04-03 23:51:56','2015-05-29 02:42:13','生姜焼きのタレがあっさりしている為、ボリューム感たっぶりでもあっさりヘルシーに生姜焼きが楽しめます。',NULL,NULL,1,NULL,2,'3b535e9e2d59f597c639c1b086812d8f087d9ca.jpg','image/jpeg',422839,'2015-04-03 23:51:53',NULL,NULL,0,NULL),(16,'朝の簡単ラピュタパン','ラピュタパンのタマゴをオムレツ風にして食べやすくしてみました。',3,'2015-04-04 00:00:15','2015-05-29 02:42:13','卵焼きは黄身を8割完熟に近い半熟にしておくと食べる頃にはちょうど良い硬になります。',NULL,NULL,1,NULL,12,'7aa8c57758f2f601f75ea1385f5753fb9a4c7e9.jpg','image/jpeg',383231,'2015-04-04 00:00:14',NULL,NULL,0,NULL),(17,'シラスのおろし合え','簡単でも先付にはとてもおしゃれでおもてなしにも最適です。',3,'2015-04-04 00:07:02','2015-05-29 02:42:13','大根おろしは絞って水気を切ると旨みも逃げるのでザルで水を切りましょう。',NULL,NULL,2,NULL,3,'DSC_0327.jpg','image/jpeg',1642331,'2015-04-04 00:07:00',NULL,NULL,0,NULL),(18,'生姜入りクラムチャウダー','市販のクラムチャウダーに生姜を入れる事により新陳代謝も良くなりお腹も温まる美味しい１品になります。',3,'2015-04-04 00:26:40','2015-05-29 02:42:13','最初にダマにならない様にしっかり混ぜて、生姜は最期のひと煮立で入れましょう。',NULL,NULL,2,NULL,8,'IMG_0046.JPG','image/jpeg',61986,'2015-04-04 00:26:39',NULL,NULL,0,NULL),(19,'みぞれしゃぶしゃぶ鍋','',4,'2015-04-09 09:58:02','2015-05-29 02:42:13','大根には消化酵素が豊富。温めた大根おろしで胃腸をいたわり消化を助けてくれます。大根おろしは、目の粗い鬼おろしにすると、噛みごたえのある食感になります。豚肉のほか、白身魚、豆腐、油揚げでも美味しくいただけます。',248,NULL,2,NULL,2,'無題.png','image/png',155733,'2015-04-09 10:10:40',NULL,1,0,NULL),(20,'★糖質制限★こんにゃくとなすの甘辛煮炒め','',4,'2015-04-16 04:13:30','2015-05-29 02:42:13','ごま油が決め手の甘辛煮炒め。糖質制限メニューなので、砂糖控えめ。お好みで調節下さい',NULL,NULL,1,NULL,1,'7943a4f8159d7913a26a52b68f6f47c5.jpg','image/jpeg',30486,'2015-04-16 04:13:29',NULL,2,0,NULL),(21,'ズッキーニのカルボナーラ風','黄ズッキーニと玉ねぎをベーコンで炒めて最後に豆乳を入れ、玉ねぎのシャキシャキ感が残るくらいに軽く煮立てて少し黒胡椒、のカルボナーラ風。',8,'2015-04-22 11:31:36','2015-05-29 02:42:13','黄ズッキーニと玉ねぎをベーコンで炒めて最後に豆乳を入れ、玉ねぎのシャキシャキ感が残るくらいに軽く煮立てて少し黒胡椒、のカルボナーラ風。',150,NULL,2,NULL,1,'202694_488016401208953_1121363881_o.jpg','image/jpeg',396662,'2015-04-22 11:31:32',NULL,2,0,NULL),(22,'鰤のバルサミコ照焼き','冷蔵庫に残っていた鰤の切り身を早く使わなきゃということを思い出し、ちゃちゃっと一品。\r\n鰤を日本酒につけて臭みを取り、いったん取り出して水気を拭く。塩をふりバルサミコ酢に漬けて10分。\r\nフライパンでお葱と一緒に焼き、仕上げにみりんを加えた漬け汁をかけて、鰤のバルサミコ照焼き。\r\n明日の朝ごはんはこれときのこ汁。おやすみなさい！',8,'2015-04-22 11:36:50','2015-05-29 02:42:13','冷蔵庫に残っていた鰤の切り身を早く使わなきゃということを思い出し、ちゃちゃっと一品。\r\n鰤を日本酒につけて臭みを取り、いったん取り出して水気を拭く。塩をふりバルサミコ酢に漬けて10分。\r\nフライパンでお葱と一緒に焼き、仕上げにみりんを加えた漬け汁をかけて、鰤のバルサミコ照焼き。\r\n明日の朝ごはんはこれときのこ汁。おやすみなさい！',NULL,NULL,1,NULL,3,'547944_562063867137539_299060201_n.jpg','image/jpeg',123017,'2015-04-22 11:36:48',NULL,2,0,NULL),(23,'きのこのリゾット','レモンがさわやかな野菜たっぷりリゾット',4,'2015-04-30 13:00:12','2015-05-29 02:42:13','サラダなどに使われるイメージの強いカッテージチーズですが、リゾットに使うことで脂質量を減らすことができます',448,NULL,1,NULL,4,'img_rice27_01.jpg','image/jpeg',65320,'2015-04-30 13:00:10',NULL,2,0,NULL),(24,'蒸しナス～モロヘイヤソース～','モロヘイヤのおいしい食べ方のご紹介です。',9,'2015-05-05 04:51:29','2015-05-29 02:42:13','そうめんのつけタレとして加えてもおいしくいただけます。',31,NULL,2,NULL,1,'蒸しナスのモロヘイヤソース.jpg','image/jpeg',63573,'2015-05-05 04:56:11',NULL,4,0,NULL),(25,'まったり豆腐のポタージュ～塩麹が隠し味','優しい豆腐の簡単な冷製ポタージュ。盛り付けの器を工夫すればおもてなし料理にもなります。\r\n',10,'2015-05-07 13:54:01','2015-05-29 02:42:13','出汁は昆布とかつお節で濃いめにとると香りよく、旨みあるポタージュになります。\r\nお好みで白玉団子を添えたり、クコの実をのせると、おもてなし料理になります。\r\n卸し生姜をのせたり、粗挽き黒こしょうを散らしても美味しいです。',NULL,NULL,2,NULL,8,'IMG_6469.JPG','image/jpeg',746870,'2015-05-07 13:53:59',NULL,4,0,NULL),(26,'生ハムなめ茸','パンにも合う洋風ななめ茸。短時間で簡単にできて、常備菜にもなります。',10,'2015-05-07 14:31:54','2015-05-29 02:42:13','リンゴ酢でなく普段ある酢でも良いですが、リンゴ酢で作ると優しい味わいになります。\r\nバケットや、トーストにのせても美味しい。',NULL,NULL,2,NULL,1,'IMG_6951.JPG','image/jpeg',760358,'2015-05-07 14:31:53',NULL,3,0,NULL),(27,'鯵のなめろう','\r\n鯵のたたきに味噌で味をつけたもの。鯵は低脂肪、高タンパク、不飽和脂肪酸も多く含まれ、生活習慣病の予防になる栄養バランスの良い魚。',10,'2015-05-11 06:40:04','2015-05-29 02:42:13','刺身用の鯵を使えば作り方３からで簡単に作れます。\r\n量により、主菜にも副菜にもなる一品。',NULL,NULL,1,NULL,3,'IMG_7671.JPG','image/jpeg',446649,'2015-05-11 06:40:02',NULL,0,0,NULL),(28,'小松菜と油揚げの煮びたし','カルシウム、ビタミン豊富な小松菜と油揚げの煮びたし。',10,'2015-05-11 07:25:16','2015-05-29 02:42:13','糖質制限食には低カロリー、カロリー０甘味料を\r\n使用して作ると良いです。\r\n',NULL,NULL,2,NULL,1,'IMG_7759.JPG','image/jpeg',464708,'2015-05-18 08:20:13',NULL,2,0,NULL),(29,'トウモロコシのムース','夏らしいさわやかなムースです。',9,'2015-05-12 09:52:36','2015-05-29 02:42:13','缶詰めを使って手軽に作れる1品です。',NULL,NULL,2,NULL,1,'とうもろこしのムース.jpg','image/jpeg',566505,'2015-05-12 09:52:34',NULL,4,0,NULL),(30,'やわらか蒸しとろろ和風ハンバーグ','野菜や魚、豆腐などが沢山入った栄養満点の和風ハンバーグです。',9,'2015-05-12 10:05:16','2015-05-29 02:42:13','かじきまぐろの代用として、鶏むね肉などでも代用してもおいしく頂けます。',NULL,NULL,1,NULL,1,'さかなのむしとろろハンバーグ.jpg','image/jpeg',649683,'2015-05-12 10:06:24',NULL,4,0,NULL),(31,'地味だけど滋味な簡単ゴボウスープ','キンピラゴボウ用に売っている細く刻んだゴボウを使って、気軽に食物繊維たっぷりのスープを作りました。',11,'2015-05-13 05:43:50','2015-05-29 02:42:13','※お好みでコンソメスープの素を入れてもよいが、ゴボウの滋味を楽しむのならこのままで。',NULL,NULL,2,NULL,8,'10985383_648681321899256_8008098820898998601_n.jpg','image/jpeg',13166,'2015-05-13 05:43:50',NULL,0,0,NULL),(32,'茹でて蒸しただけのヘルシープレート','油分は一切使わずに、食感や、素材そのものの味を楽しみます。',11,'2015-05-13 06:06:08','2015-05-29 02:42:13','※豚肉を湯で洗うことで、余分な脂や臭みが抜ける。\r\n※付け合せの野菜は、家族各々好みの味付けをして楽しむ。\r\n例：わさび醤油。醤油マヨなど。',NULL,NULL,1,NULL,2,'11224784_648686371898751_46378445875848616_n.jpg','image/jpeg',22419,'2015-05-13 06:06:08',NULL,0,0,NULL),(34,'あああああああああああああああああああああああああああああああああああああああ','',13,'2015-05-22 10:57:55','2015-05-29 02:42:13','',NULL,NULL,1,NULL,1,NULL,NULL,NULL,NULL,NULL,NULL,0,NULL),(35,'具だくさんミルク豚汁','しっかりとおかずの一品になる、具沢山の豚汁！豚肉と牛乳のこくと甘味がおいしい、牛乳嫌いな方にもオススメな１品です☆',14,'2015-05-22 11:03:50','2015-05-29 02:42:13','味が整ってからは煮たてずに軽く火を通す程度に。',298,NULL,2,NULL,8,'img_soup16_popup.jpg','image/jpeg',86521,'2015-05-22 12:14:19',NULL,0,0,NULL),(36,'新玉ねぎの肉巻きトマト煮','一見、大きなお肉がゴロゴロ。甘い新玉ねぎを薄切り肉で巻くことで、少ないお肉でもボリューム感あり！バジルと黒こしょう、にんにくで塩分が少なくても美味しく食べられます♪',13,'2015-05-22 11:15:30','2015-05-29 02:42:13','',221,NULL,2,NULL,8,'新玉ねぎの肉巻きトマト煮.jpg','image/jpeg',34569,'2015-05-22 11:15:30',NULL,2,0,NULL),(37,'ひき肉と玄米のチリコンコン風','トマトからのリコピンと玄米、大豆、野菜からの食物繊維がたっぷりと入っている和と欧の栄養満点な創作料理をご家庭で簡単に楽しめる一品です。',13,'2015-05-25 12:07:58','2015-05-29 02:42:13','辛さが得意な人はお好みでタバスコソースなどを加えても美味しくいただけます。',287,NULL,1,NULL,2,'image.jpg','image/jpeg',23914,'2015-05-25 12:07:57',NULL,2,0,NULL),(38,'アボカドと海老のクリームリゾット','お手軽に美味しく！',15,'2015-05-27 16:56:51','2015-05-29 02:42:13','アボカドは食物繊維・ビタミン類、ミネラル・葉酸・カリウムなど栄養成分や不飽和脂肪酸を多く含んでいる為、おススメの食材です。\r\n豆乳は牛乳に加えてカルシウム含有量は低めですが、カリウムやマグネシウムビタミン類が豊富です。',NULL,NULL,1,NULL,4,'images.jpg','image/jpeg',7530,'2015-05-27 16:56:51',NULL,0,0,NULL),(39,'ナポリタン風切り干し大根','切り干し大根　　・・・４０g\r\nハム(薄切り)　　・・・２枚\r\n玉ねぎ	　　・・・1/４個\r\nピーマン	　　・・・１個\r\n干しシイタケ　　・・・２個\r\n　オリーブオイル　・・・大さじ１\r\n▼合わせ調味料\r\n　トマトピューレ　・・・大さじ３\r\n　白ワイン	　　・・・大さじ１\r\n　しょうゆ	　　・・・小さじ１\r\n　こしょう	少々\r\n',15,'2015-05-27 17:06:39','2015-05-29 02:42:13','切り干し大根は、鉄分・カルシウム・食物繊維が豊富で妊娠中のおススメ食材です。\r\nビタミンＤが豊富な干しシイタケやビタミンＣが豊富なピーマンと組み合わせることで\r\n鉄分・カルシウムの吸収率を高めます。\r\nまた、鉄製の調理器具を使うと鉄の吸収が期待できます。\r\nトマトケチャップは糖分が多い為、トマトピューレを使っています。\r\n',NULL,NULL,2,NULL,1,'切り干し大根.jpg','image/jpeg',581702,'2015-05-27 17:06:39',NULL,NULL,0,NULL),(40,'サーモン香草パン粉焼き','オーブンを使ってヘルシーに',15,'2015-05-27 17:26:47','2015-05-29 02:42:13','',NULL,NULL,1,NULL,3,'sa-monn.jpg','image/jpeg',587836,'2015-05-27 17:26:47',NULL,0,0,NULL),(43,'テスト','',4,'2015-05-29 03:24:53','2015-05-29 03:24:53','',NULL,NULL,1,NULL,1,NULL,NULL,NULL,NULL,NULL,NULL,1,NULL),(44,'納豆ごはんのカリッと巾着焼き','ボリュームがあって、おかずにも酒の肴にもなる納豆巾着焼きです。\r\n冷蔵庫の余りもので簡単手軽に出来る一品です。',20,'2015-06-01 09:49:07','2015-06-01 09:49:07','強火で表面をさっと焼くと\r\nカリカリした食感になります。',88,NULL,1,NULL,4,'Flower2.jpg','image/jpeg',356595,'2015-06-01 09:49:06',NULL,2,1,NULL),(45,'棒棒鶏の生春巻き','ボリュームのあるサラダを食べたい時や、暑くて食欲がない時の主食にも。ごまだれソースが食欲をそそります。',20,'2015-06-01 10:10:06','2015-06-01 10:10:06','ライスペーパーはくっつきやすいので、1枚ずつ水につけて戻しましょう。\r\n',0,NULL,2,NULL,1,NULL,NULL,NULL,NULL,NULL,2,1,NULL),(46,'夏のおろし冷しゃぶサラダ','夏の食卓を代表するこの1品は、疲労回復のビタミンB1を多く含む豚肉とその吸収を\r\n助けてくれるアリシンを多く含むたまねぎであなたの夏バテ対策をサポートします!!',13,'2015-06-01 12:08:17','2015-06-01 12:08:17','ひじきをお湯で戻すのに約15分ほど時間がかかりますので、始めに準備する事をおす\r\nすめします。 大根おろしは塊になるくらいまで絞って下さい。お好みで酢橘など\r\n絞ってもおいしく召し上がってがっていただけます。',167,NULL,1,NULL,2,'image.jpg','image/jpeg',313973,'2015-06-01 12:08:16',NULL,2,0,NULL),(47,'豆腐の和風カプレーゼ','さっぱりソースにツンとするわさびと香ばしいゴマ油でアクセント。チーズを使わず\r\nヘルシーな豆腐とミネラル・水分豊富な夏野菜のトマトで作ったカプレーゼはビック\r\nリするほど簡単でオシャレな創作料理です。',13,'2015-06-01 12:15:05','2015-06-01 12:15:05','刻みネギをちらして、その上からソースをかけるとネギにソースがうまくからんでよ\r\nりしっかりした味が楽しめます。材料Bをミックスしたソースは冷奴やサラダドレッ\r\nシングにも美味しくご利用いただけます！',150,NULL,2,NULL,1,'image.jpg','image/jpeg',285194,'2015-06-01 12:15:04',NULL,2,0,NULL),(48,'とうふdeティラミス','ちょっとビターなオトナのデザートです。コーヒーの苦味が豆腐独特の香りやクセを消してくれます。かくし味の味噌とコーヒー・豆腐の組み合わせが絶妙です！',13,'2015-06-01 12:30:41','2015-06-01 12:31:20','ビターが苦手な方や豆腐感を味わいたい方はコーヒー粉末の量を減らしてください。バナナ（1/3本）をトッピングしてもいいです！さらにハーブ（ミントやチャービル）をあしらうと、おもてなしにも。',104,NULL,2,NULL,11,'22.jpg','image/jpeg',374857,'2015-06-01 12:31:19',NULL,2,0,NULL),(49,'かぼちゃのヨーグルトサラダ','βカロテンが豊富なホクホクかぼちゃとシャキシャキ食感が特徴のきゅうりをヨーグルトとレモン果汁で和えるだけ！ヨーグルトとレモン果汁の酸味がかぼちゃの甘味とマッチした塩分０gのサラダ！',13,'2015-06-01 12:35:01','2015-06-01 12:35:16','低カロリーのきゅうりと酸味が強いレモン果汁が味と食感のポイントです。少し大きめに角切りした野菜をしっかり噛むことで満腹感にもつながります。',103,NULL,2,NULL,1,'11.jpg','image/jpeg',1548614,'2015-06-01 12:35:15',NULL,2,0,NULL),(51,'きのこのスープ','きのこ類は免疫調整物質（ＢＲＭ）の一つ、グルカンが豊富に含まれており、免疫力を高めます。',13,'2015-06-01 12:55:06','2015-06-01 12:55:06','',40,NULL,2,NULL,8,'22.jpg','image/jpeg',251481,'2015-06-01 12:55:05',NULL,2,0,NULL),(52,'納豆の和風サンド','冷蔵庫の常備食材で出来る、ボリュームのある１品です。納豆と油揚げで植物性タンパク質がしっかり摂れます。',19,'2015-06-02 04:56:37','2015-06-02 05:00:44','',NULL,NULL,1,NULL,4,'image.jpg','image/jpeg',581125,'2015-06-02 05:00:41',NULL,2,0,NULL),(53,'いももち','もっちりホクホク食感で、食べ応えあり！バターの香りがふんわり♪つまみやすいおかずとしてオススメな一品☆枝豆がアクセントです。',14,'2015-06-03 12:27:54','2015-06-03 12:28:56','薄く、平たくすることで、火が通りやすくなります。片栗粉が混ざり切らない場合は、丸める前に手で捏ねると良いでしょう！',170,NULL,2,NULL,1,'image.jpg','image/jpeg',277254,'2015-06-03 12:28:55',NULL,2,0,NULL),(54,'こんにゃくのきんぴら','こんにゃくで満足感、ボリューム感たっぷり、挽肉でコクがぷらすされたヘルシーきんぴら♪こんにゃくが主役級のおかずになります！',14,'2015-06-03 12:53:33','2015-06-03 12:53:33','こんにゃくはよく炒めると水分が飛び、味がついて美味しく仕上がります。最後に青ネギを散らすことで、彩り良く美味しくいただけます。',136,NULL,2,NULL,1,'image.jpg','image/jpeg',346234,'2015-06-03 12:53:31',NULL,2,0,NULL),(55,'たらの香り蒸し','電子レンジで加熱するだけのお手軽メイン料理。香り高い1品で、塩分をかなり控え、さらに野菜をしっかりとることができます。',14,'2015-06-03 13:10:18','2015-06-03 13:10:18','電子レンジで加熱する際、水分が溜まりやすいので、野菜の水気はしっかりきってください。しそは4枚重ねて丸めて切ると上手に切れます。',140,NULL,1,NULL,3,'image.jpg','image/jpeg',393845,'2015-06-03 13:10:16',NULL,2,0,NULL),(56,'テスト','',4,'2015-06-04 07:58:19','2015-06-04 07:58:19','・テスト',NULL,NULL,1,NULL,1,NULL,NULL,NULL,NULL,NULL,2,1,NULL),(57,'丸ごと玉ねぎの鰹ポン酢和え','玉ねぎの自然の甘さ、うまみを凝縮した鰹節にポン酢の酸味がマリアージュした、料理といってはいけないような簡単美味レシピ。',14,'2015-06-07 01:46:15','2015-06-07 01:46:15','暖かいままでも美味しいですが、冷やして食べてもGOODです。',94,NULL,2,NULL,1,'image.jpg','image/jpeg',257563,'2015-06-07 01:46:13',NULL,2,0,15),(58,'もやしとわかめのナムル風和え','シャキシャキもやしとわかめのシンプルレシピは材料も少なく、調理・味付けもとても簡単！素材そのものの味と食感が楽しめます。満腹感のある副菜です。',14,'2015-06-07 01:51:15','2015-06-07 01:51:15','わかめとごまには糖尿病に良いと言われているマグネシウムが豊富に含まれています。',48,NULL,2,NULL,1,'img_sidedish31_popup.jpg','image/jpeg',392658,'2015-06-07 01:51:14',NULL,2,0,NULL),(61,'ニンニクの芽ときくらげの卵炒め','糖質の吸収を穏やかにする食物繊維がたっぷり！しょうがにかつお節をプラスした、和風の中華風味です。',19,'2015-06-19 07:12:12','2015-06-19 07:13:50','きくらげの食感が好きな方は、大きくカットしでも良いですが、カットが大きいと味が付きにくいです。細切りにして炒めた方がより味が絡まり、食べやすくなります。',240,NULL,1,NULL,1,'IMG_3674.JPG','image/jpeg',327125,'2015-06-19 07:13:48',NULL,2,1,20),(62,'test','',2,'2015-07-03 10:19:17','2015-07-03 10:19:17','',1,NULL,1,NULL,1,NULL,NULL,NULL,NULL,NULL,2,1,1),(63,'切り干し大根の煮物','定番おふくろの味♪\r\n甘辛にしみこんだ切りシンプルな切り干し大根です。',26,'2015-07-07 07:27:19','2015-07-07 07:38:11','',80,NULL,2,NULL,1,NULL,NULL,NULL,NULL,NULL,4,0,7),(64,'あっさり鶏ミンチの豆腐ミートボールのイタリアントマトソース煮込み','こってりしがちなミートボールを鶏ミンチと豆腐であっさりしっとり仕上げました。トマトソースで煮込んでボリュームアップ！',30,'2015-07-09 14:25:49','2015-07-10 03:41:58','たまねぎはソースにいれて、ミートボールに椎茸などのみじん切りした茸類をいれてもおいしいです。化学調味料を一切つかっていないので、初めは少し薄味に感じるかもしれませんが、トマトソースをしっかり煮詰めると、お肉の味がでて、味に深みがでてきます。ミートボールをとりだしたフライパンは拭かずに、肉汁が付いたまま、トマトソースをつくりましょう。ニンニクのみじん切りを加えてもいいです。\r\n\r\nアガベシロップはアガベ植物から採取された，血糖値の上昇をとても穏やかにしてくれる甘味料です。白いお砂糖はなるべく使わない様にしています。お料理に甘みが欲しいときは、アガベシロップか蜂蜜、なければ上質のみりんでも代用できます。',210,NULL,1,NULL,2,'IMG_42492.jpg','image/jpeg',534441,'2015-07-09 14:49:39',NULL,3,0,NULL),(66,'３分で完成！ミックスベリーのヨーグルトジェラート','白砂糖なしの本格ジェラードが3分ほどで簡単に作れます。フルーツの甘みにヨーグルトの酸味が程よく混ざったあっさりデザート。',30,'2015-07-10 03:47:43','2015-07-10 07:50:20','フルーツはベリーでなく、バナナやミカンなどでもおいしくできます。ただ、フルーツはちいさく切って冷凍したものにしてください。割合はいつでもフルーツ２：ヨーグルト１です。糖質量を抑えたい場合はアガベシロップを入れなくても十分おいしいです。\r\n',100,NULL,2,NULL,11,'IMG_4253.jpg','image/jpeg',605347,'2015-07-10 03:47:42',NULL,2,0,NULL),(67,'簡単でおいしい！きゅうりの甘酢に大葉の塩漬け。','お酢と蜂蜜だけで簡単においしい低カロリーの甘酢ができます。油分なしのさっぱりした一皿はいつ食べても元気が出ます。',30,'2015-07-13 15:07:27','2015-07-13 15:17:09','混ぜるだけでできる甘酢はどの季節も台所で大活躍します！\r\n塩漬け大葉のときは，塩揉みしたキュウリはさっと洗って塩分をへらしましょう。そのままの大葉を使う場合は塩揉みキュウリは洗わずに！その塩分で味がひきしまります。',60,NULL,2,NULL,1,'IMG_4265.JPG','image/jpeg',463056,'2015-07-13 15:07:26',NULL,2,0,NULL),(68,'ヘルシータイカレー','豆乳を使ってつくるヘルシータイカレー。ココナツオイルを使うので豆乳にほんのりココナツの風味がついて、本物と変わらない美味しさがでます。',33,'2015-07-13 19:18:37','2015-07-13 22:42:40','豆乳は沸騰させないように。（分離してしまいます）\r\nきび砂糖はなければ白砂糖で代用してください。\r\nココナツミルクの代わりに豆乳を使っているので大幅にカロリーダウン。\r\nさらにご飯を白米の代わりにタイ米にすると糖質も約２割カットできます。\r\n\r\n',515,NULL,1,NULL,4,'IMG_2592.JPG','image/jpeg',493673,'2015-07-13 20:08:29',NULL,2,1,NULL),(69,'トマトとコリアンダーのタイ風サラダ','ノンオイルのドレッシングでつくるヘルシーサラダ。スイートチリソースとナンプラーの絶妙な組み合わせがクセになります。',33,'2015-07-13 19:21:44','2015-07-13 20:47:47','コリアンダーが苦手な方はイタリアンパセリで作っても美味しくいただけます。',44,NULL,2,NULL,7,'IMG_2587.jpg','image/jpeg',465764,'2015-07-13 20:46:16',NULL,2,1,NULL),(70,'バナナのアイスクリーム','バナナのみでできちゃうデザートです。見た目も食感もアイスクリームそっくりで大満足。',33,'2015-07-13 19:23:23','2015-07-13 22:57:32','フードプロセッサーにいれて根気よくクリーム状になるまで攪拌してくださいね\r\n',53,NULL,2,NULL,11,'IMG_2596.JPG','image/jpeg',396991,'2015-07-13 21:57:01',NULL,2,1,NULL);
/*!40000 ALTER TABLE `recipes` ENABLE KEYS */;
UNLOCK TABLES;

--
-- Table structure for table `schema_migrations`
--

DROP TABLE IF EXISTS `schema_migrations`;
/*!40101 SET @saved_cs_client     = @@character_set_client */;
/*!40101 SET character_set_client = utf8 */;
CREATE TABLE `schema_migrations` (
  `version` varchar(255) NOT NULL,
  UNIQUE KEY `unique_schema_migrations` (`version`)
) ENGINE=InnoDB DEFAULT CHARSET=utf8;
/*!40101 SET character_set_client = @saved_cs_client */;

--
-- Dumping data for table `schema_migrations`
--

LOCK TABLES `schema_migrations` WRITE;
/*!40000 ALTER TABLE `schema_migrations` DISABLE KEYS */;
INSERT INTO `schema_migrations` VALUES ('20150208092620'),('20150208093424'),('20150208130058'),('20150209073748'),('20150209074138'),('20150209084719'),('20150211085700'),('20150211095246'),('20150211113538'),('20150211115126'),('20150211144211'),('20150211164212'),('20150211164220'),('20150211202229'),('20150211202245'),('20150211205118'),('20150211205232'),('20150211205339'),('20150211205443'),('20150211205509'),('20150211205653'),('20150211210127'),('20150211210702'),('20150212091041'),('20150212091945'),('20150212132658'),('20150212150307'),('20150212150410'),('20150213075058'),('20150213083801'),('20150213084257'),('20150213084342'),('20150213141726'),('20150214201734'),('20150215094344'),('20150220232241'),('20150222053651'),('20150223213349'),('20150225084218'),('20150225201222'),('20150225203106'),('20150225210322'),('20150226045850'),('20150226073207'),('20150226082454'),('20150310081631'),('20150311021246'),('20150311032706'),('20150312070610'),('20150313070911'),('20150313071416'),('20150313071427'),('20150313071438'),('20150313071449'),('20150326064432'),('20150326064546'),('20150326064607'),('20150330051545'),('20150330145249'),('20150330230005'),('20150330231240'),('20150331054011'),('20150331054115'),('20150331054129'),('20150331054136'),('20150405170657'),('20150408151100'),('20150422154618'),('20150509065658'),('20150509065703'),('20150519095620'),('20150519095650'),('20150521184915'),('20150528145513'),('20150603021036'),('20150613135713'),('20150701051308');
/*!40000 ALTER TABLE `schema_migrations` ENABLE KEYS */;
UNLOCK TABLES;

--
-- Table structure for table `users`
--

DROP TABLE IF EXISTS `users`;
/*!40101 SET @saved_cs_client     = @@character_set_client */;
/*!40101 SET character_set_client = utf8 */;
CREATE TABLE `users` (
  `id` int(11) NOT NULL AUTO_INCREMENT,
  `gender` varchar(255) DEFAULT NULL,
  `created_at` datetime DEFAULT NULL,
  `updated_at` datetime DEFAULT NULL,
  `email` varchar(255) DEFAULT NULL,
  `image` varchar(255) DEFAULT NULL,
  `encrypted_password` varchar(255) NOT NULL DEFAULT '',
  `reset_password_token` varchar(255) DEFAULT NULL,
  `reset_password_sent_at` datetime DEFAULT NULL,
  `remember_created_at` datetime DEFAULT NULL,
  `sign_in_count` int(11) NOT NULL DEFAULT '0',
  `current_sign_in_at` datetime DEFAULT NULL,
  `last_sign_in_at` datetime DEFAULT NULL,
  `current_sign_in_ip` varchar(255) DEFAULT NULL,
  `last_sign_in_ip` varchar(255) DEFAULT NULL,
  `uid` varchar(255) NOT NULL DEFAULT '',
  `provider` varchar(255) NOT NULL DEFAULT '',
  `name` varchar(255) DEFAULT NULL,
  `image_file_name` varchar(255) DEFAULT NULL,
  `image_content_type` varchar(255) DEFAULT NULL,
  `image_file_size` int(11) DEFAULT NULL,
  `image_updated_at` datetime DEFAULT NULL,
  `password_digest` varchar(255) DEFAULT NULL,
  `nutritionist_description` varchar(255) DEFAULT NULL,
  `permission` varchar(255) DEFAULT NULL,
  `height` int(11) DEFAULT NULL,
  `weight` int(11) DEFAULT NULL,
  PRIMARY KEY (`id`),
  UNIQUE KEY `index_users_on_email` (`email`) USING BTREE,
  UNIQUE KEY `index_users_on_reset_password_token` (`reset_password_token`) USING BTREE,
  KEY `index_users_on_uid_and_provider` (`uid`,`provider`) USING BTREE
) ENGINE=InnoDB AUTO_INCREMENT=34 DEFAULT CHARSET=utf8;
/*!40101 SET character_set_client = @saved_cs_client */;

--
-- Dumping data for table `users`
--

LOCK TABLES `users` WRITE;
/*!40000 ALTER TABLE `users` DISABLE KEYS */;
INSERT INTO `users` VALUES (1,'1','2015-03-30 02:39:43','2015-03-30 02:39:43','test@gmail.com',NULL,'$2a$10$1xEbqk6/EC4GwJU4zGII2utnPtWp3x/C6zEvzM01EaV.BN4.bOQPi',NULL,NULL,NULL,0,NULL,NULL,NULL,NULL,'','','test',NULL,NULL,NULL,NULL,NULL,NULL,NULL,NULL,NULL),(2,NULL,'2015-03-30 02:40:11','2015-07-13 03:16:41','ymymym.aa-y2@docomo.ne.jp',NULL,'$2a$10$ijduBREXIBpg/VoTSlmngeeAwxzhik6tWI/J9YFxycCtcHtXKsTXO',NULL,NULL,NULL,28,'2015-07-13 03:16:30','2015-07-13 03:16:05','126.253.71.152','126.253.71.152','638059616326900','facebook','Aya Minagawa','10906527_605436812922514_8597821953434560898_n.jpg','image/jpeg',1690,'2015-03-30 02:40:11',NULL,NULL,'2',160,NULL),(3,NULL,'2015-04-01 23:29:50','2015-06-06 05:36:27','kajiwara@ex-cava.jp',NULL,'$2a$10$lSjpnNRUzPBXjTMyx8sO/OSbvfYh1BHb2GVNDxEnstBgw8CecqWWC',NULL,NULL,NULL,20,'2015-06-06 05:36:27','2015-05-14 03:16:54','182.249.246.170','114.198.192.25','788177671267536','facebook','Kikue  kajiwara','1475888_560437647374874_199029486_n.jpg','image/jpeg',1671,'2015-04-01 23:29:50',NULL,NULL,NULL,NULL,NULL),(4,NULL,'2015-04-03 07:08:06','2015-06-18 09:46:34','katoy@earthjapan.com',NULL,'$2a$10$bolgYGdtb5VRzBx9YZ/sO.GIj/NrK8X6IAgivdZkAD3NtXryd6.oq',NULL,NULL,NULL,24,'2015-06-18 09:46:34','2015-06-18 07:13:02','126.255.12.226','126.255.12.226','777198449030288','facebook','Yoshihiro Kato','408317_210910105659128_1594106863_n.jpg','image/jpeg',1590,'2015-04-03 07:08:06',NULL,NULL,'2',NULL,NULL),(6,NULL,'2015-04-06 06:48:11','2015-06-18 19:46:59','25e06836-30a0-4d68-9157-95a2d116e9ba@example.com',NULL,'$2a$10$t8Oe98g8deDrxYZtcnisg.x.l2ZdvWzfYTGhWUdG37Hw4TKRIKmPi',NULL,NULL,NULL,5,'2015-06-18 19:46:59','2015-06-11 17:46:00','126.255.27.135','121.116.122.46','822546907','twitter','aa_y2','JOJeFVPm_normal.jpeg','image/jpeg',1503,'2015-04-06 06:48:11',NULL,NULL,NULL,NULL,NULL),(7,NULL,'2015-04-17 02:40:13','2015-07-13 03:19:34','muraikenta0507@yahoo.co.jp',NULL,'$2a$10$Ay0FJ1rJEvYOvgyEIoR3xe9NTnOff1vFYCyecndaOrRoaj6gQSiCW',NULL,NULL,NULL,8,'2015-07-07 11:27:39','2015-06-12 02:37:45','126.94.98.17','126.205.79.91','783319891752547','facebook','Kenta Murai','552260_335250579892816_203408626_n.jpg','image/jpeg',1690,'2015-04-17 02:40:13',NULL,NULL,NULL,170,63),(8,NULL,'2015-04-22 11:27:08','2015-04-22 11:33:13','kayokunieda@gmail.com',NULL,'$2a$10$KaCkszBsq/A0UoUqT24rAePT37.QIgG1fGoxJRherNehci5znYDAW',NULL,NULL,NULL,1,'2015-04-22 11:27:08','2015-04-22 11:27:08','122.216.67.204','122.216.67.204','971645436179378','facebook','國枝加誉','1556435_845766175433972_2833892888348290751_o.jpg','image/jpeg',140409,'2015-04-22 11:33:12',NULL,NULL,NULL,NULL,NULL),(9,NULL,'2015-05-05 04:41:15','2015-05-12 21:20:36','ayapanda.19810602@ezweb.ne.jp',NULL,'$2a$10$doSpi6o.EvoPX3Ag9ulffuxCq7EKNVUwBVd8qEs0WZQLoVvvpb5hG',NULL,NULL,NULL,3,'2015-05-12 21:20:36','2015-05-12 08:53:22','36.11.67.8','36.11.67.8','837272199721214','facebook','Aya Nogawa','10171775_790150671100034_4815864496164934123_n.jpg','image/jpeg',1842,'2015-05-05 04:41:15',NULL,NULL,NULL,NULL,NULL),(10,'2','2015-05-07 13:14:10','2015-05-18 08:13:50','info@s-rouge.com',NULL,'$2a$10$bUMaUULsy5.mqgWVNyTF9uwxBTEr5BL1hOuCFE.pT103xolFc7ovu',NULL,NULL,NULL,12,'2015-05-18 08:13:50','2015-05-17 07:31:52','220.215.164.37','220.215.164.37','0edc490f-0a02-429f-aa44-be4b96b45c32','','ナオ','IMG_6971.JPG','image/jpeg',818103,'2015-05-07 13:14:09',NULL,NULL,NULL,NULL,NULL),(11,'2','2015-05-13 05:34:16','2015-05-13 11:22:21','field-art@canvas.ocn.ne.jp',NULL,'$2a$10$UEnJMPC91f6b5TRgvY6rdu0IXdRM6omA1dE/7v9VVC0Wn1wM4aOCW',NULL,NULL,'2015-05-13 11:20:30',2,'2015-05-13 11:20:30','2015-05-13 05:34:16','61.119.139.199','61.119.139.199','f1ae3527-14e8-4fc7-881e-a972f814c942','','tamashigi','1619561_563132627120793_1789617497375085603_n.jpg','image/jpeg',16275,'2015-05-13 11:22:21',NULL,NULL,NULL,NULL,NULL),(12,NULL,'2015-05-22 02:25:22','2015-05-22 02:25:22','aya@gmail.com',NULL,'$2a$10$t8w/MJuj6oFsNU195j00weMn1h5OV.o5lqsqpo5wqh8AtcDa.xsv6',NULL,NULL,NULL,1,'2015-05-22 02:25:22','2015-05-22 02:25:22','126.205.67.189','126.205.67.189','573b891d-04f5-45fd-8329-7a75e56e02ff','','皆川彩',NULL,NULL,NULL,NULL,NULL,NULL,'1',NULL,NULL),(13,NULL,'2015-05-22 10:53:25','2015-06-10 11:59:41','txxt_00@yahoo.co.jp',NULL,'$2a$10$oAJz2MOG40XTkrwa0d0ujOIpoXy5/YceEWfVfdM4tAYMTVqPDBcPK',NULL,NULL,'2015-06-10 11:59:19',8,'2015-06-10 11:59:19','2015-06-01 13:55:46','126.254.10.105','126.255.5.84','0528d363-6f5e-4f85-aa2c-ff84a1529fde','','田中良子',NULL,NULL,NULL,NULL,NULL,NULL,NULL,NULL,NULL),(14,'2','2015-05-22 11:02:09','2015-06-10 01:14:43','rimt_okdm@yahoo.ne.jp',NULL,'$2a$10$Ey/VZclknaHMrAcT3SW1zevLh/Aq2BjS.meNYz4E0KMltMlSou4ui',NULL,NULL,'2015-06-03 12:06:46',6,'2015-06-10 01:14:25','2015-06-07 01:39:42','110.5.44.162','124.144.225.51','78f01402-be4b-447e-9b5c-34badef43263','','川口由紀子',NULL,NULL,NULL,NULL,NULL,NULL,NULL,NULL,NULL),(15,'2','2015-05-25 01:23:14','2015-06-02 14:19:55','hiro_sako@mbn.nifty.com',NULL,'$2a$10$tHIM0baKrThf934MmiAEgeWvq.3i6eZ.Jo2vt8Avi/FWiNSzd9/T6',NULL,NULL,'2015-05-27 16:31:14',6,'2015-06-02 14:19:55','2015-06-02 14:19:54','175.179.222.186','175.179.222.186','02365273-e0a5-496b-88f8-bc14dcee2ab1','','迫　裕子',NULL,NULL,NULL,NULL,NULL,NULL,NULL,NULL,NULL),(16,NULL,'2015-05-25 03:33:44','2015-06-02 07:55:15','aa_y2@softbank.ne.jp',NULL,'$2a$10$6GICwqqPDuNqk9h7OfUt0ONdqmOX3ovuaihnPoM2DQT5spXd2ZziK',NULL,NULL,NULL,1,'2015-05-25 03:33:44','2015-05-25 03:33:44','126.152.36.149','126.152.36.149','30952dbc-d754-4aba-89ab-978708b75be6','','皆川彩',NULL,NULL,NULL,NULL,NULL,NULL,'2',NULL,NULL),(17,NULL,'2015-05-26 05:18:23','2015-05-26 05:18:23','test@c.com',NULL,'$2a$10$BVhmWLdH9bTXrKt/5wFk.OpnE0iYB/DWHrxAFV4i0VnvjsEaFUEsO',NULL,NULL,NULL,1,'2015-05-26 05:18:23','2015-05-26 05:18:23','121.116.122.46','121.116.122.46','73a3c67a-0565-4180-9001-c46ab3f906d1','','test',NULL,NULL,NULL,NULL,NULL,NULL,'1',NULL,NULL),(18,'2','2015-05-31 15:38:30','2015-06-16 00:42:14','eri.razapii@gmail.com',NULL,'$2a$10$Bf.rKRYhMbfyftovNYngpON0VACR8GOnD.W73uCUzENAYj97kx.W2',NULL,NULL,NULL,3,'2015-06-13 05:14:30','2015-06-07 04:04:39','126.78.39.211','126.78.39.211','28571b9e-b699-4e64-b9c1-4aa816690020','','えりらざぴ',NULL,NULL,NULL,NULL,NULL,NULL,NULL,NULL,NULL),(19,NULL,'2015-06-01 09:00:10','2015-06-19 07:14:38','toyosawa@rom-jp.com',NULL,'$2a$10$OM41UO7Tlvoazi7OyfBAS.zwHXRoXYH4f26W.v4z5Mn0CXYYdI0G2',NULL,NULL,NULL,6,'2015-06-19 06:49:38','2015-06-08 11:41:30','153.206.132.81','49.98.158.207','c68e59a2-6edf-4aa4-8729-a528e4877565','','Yuko',NULL,NULL,NULL,NULL,NULL,NULL,'2',NULL,NULL),(20,NULL,'2015-06-01 09:12:04','2015-06-01 09:12:05','toyosawayuko76@hotmail.com',NULL,'$2a$10$it1r9pss1kDnqMigQFUHfO3B9zXjWswttsygSiIUYV4gHb52Sas..',NULL,NULL,NULL,1,'2015-06-01 09:12:05','2015-06-01 09:12:05','153.206.132.81','153.206.132.81','892609884151665','facebook','Yuko Toyosawa','10576921_701839699895352_3152490629217742094_n.jpg','image/jpeg',116213,'2015-06-01 09:12:01',NULL,NULL,NULL,NULL,NULL),(23,NULL,'2015-06-07 12:37:29','2015-06-07 12:37:30','c57e1739-cea5-4352-bdd8-66d32674efde@example.com',NULL,'$2a$10$HVkaIEf5AyYParvyOxk/v./MJ2LBV37e5wu2jWjJBDWmLZiDVrJTa',NULL,NULL,NULL,1,'2015-06-07 12:37:30','2015-06-07 12:37:30','111.87.58.55','111.87.58.55','542653385','twitter','murata_atsumi','f8VRVcbj_normal.jpeg','image/jpeg',126687,'2015-06-07 12:37:28',NULL,NULL,NULL,NULL,NULL),(24,NULL,'2015-06-11 22:43:07','2015-06-11 22:43:08','katoy@dthree3.co.jp',NULL,'$2a$10$j.0kQGE0QOxZ6NakMLU4rOm3iIFQdd4pOmrseudK6TXyNQS2e5NRy',NULL,NULL,NULL,1,'2015-06-11 22:43:08','2015-06-11 22:43:08','126.152.5.111','126.152.5.111','f694559e-a5ea-471d-bac6-c97f73e86a40','','加藤順弘','image.jpg','image/jpeg',383656,'2015-06-11 22:43:05',NULL,NULL,'1',NULL,NULL),(26,NULL,'2015-06-26 12:07:27','2015-07-07 07:01:43','m-awir1222@ivy.ocn.ne.jp',NULL,'$2a$10$w7xfSTXQJ9Tn8vywzgKrGOWKC1nrk7IwWXa3ErfHIVb68BuJF8MPS',NULL,NULL,NULL,2,'2015-07-07 07:01:43','2015-06-26 12:07:27','106.137.168.166','36.12.7.62','','','わっちこ',NULL,NULL,NULL,NULL,NULL,NULL,NULL,NULL,NULL),(27,'1','2015-07-07 11:25:42','2015-07-07 11:25:42','muraikenta@yahoo.co.jp',NULL,'$2a$10$SUgcTEe5MD9Aq.1cVlhde.xeTHZzvey2c8Np/BMotvnaMU.M/pXPi',NULL,NULL,NULL,1,'2015-07-07 11:25:42','2015-07-07 11:25:42','126.94.98.17','126.94.98.17','','','murai',NULL,NULL,NULL,NULL,NULL,NULL,NULL,170,60),(28,'1','2015-07-07 11:32:33','2015-07-07 11:32:33','murai@gmail.commm',NULL,'$2a$10$o7kwFo8cd8zBVtL0znoir.HL3EEoA0SpfkOwJKSrzJN6H.EDZJ.FO',NULL,NULL,NULL,1,'2015-07-07 11:32:33','2015-07-07 11:32:33','126.254.42.66','126.254.42.66','','','kenta',NULL,NULL,NULL,NULL,NULL,NULL,NULL,NULL,NULL),(29,'2','2015-07-08 05:25:24','2015-07-08 05:25:24','incubationfactory@yahoo.co.jp',NULL,'$2a$10$7dN38JtcQ5W2I/iXoYosDuBVVs8eGDHP1n1bLgxOEZ4MZNftLeKCm',NULL,NULL,NULL,1,'2015-07-08 05:25:24','2015-07-08 05:25:24','126.254.2.248','126.254.2.248','','','加藤智子',NULL,NULL,NULL,NULL,NULL,NULL,NULL,NULL,NULL),(30,'2','2015-07-08 07:59:55','2015-07-13 09:12:06','ikuesakaguchi@gmail.com',NULL,'$2a$10$2DpjNXttMcE19OqXWhFPeOa2jTtq08MzNR68H8W0zCOkxJyxAuuFi',NULL,NULL,NULL,4,'2015-07-13 09:12:06','2015-07-12 09:59:48','126.60.216.252','126.60.216.252','','','Himbeer',NULL,NULL,NULL,NULL,NULL,NULL,NULL,NULL,NULL),(31,'2','2015-07-13 03:17:53','2015-07-13 03:17:53','aa_y22@gmail.com',NULL,'$2a$10$CcNrD/CeIFI3ksNVuwm7b.pnbxYIYkTGjGaQcVjQSbCesYhvdW/l6',NULL,NULL,NULL,1,'2015-07-13 03:17:53','2015-07-13 03:17:53','126.253.71.152','126.253.71.152','','','あや',NULL,NULL,NULL,NULL,NULL,NULL,NULL,160,NULL),(32,'1','2015-07-13 03:20:13','2015-07-13 03:21:52','murai@com.commmm',NULL,'$2a$10$bN8SxADxAZW290SJ/JICwOYRrJ0luCAURHV4RvZSBt0saBrX5ROvu',NULL,NULL,NULL,1,'2015-07-13 03:20:13','2015-07-13 03:20:13','126.253.4.13','126.253.4.13','','','けんた',NULL,NULL,NULL,NULL,NULL,NULL,NULL,180,70),(33,'2','2015-07-13 19:09:12','2015-07-13 23:08:54','hirokopat@mac.com',NULL,'$2a$10$Mlcvk3/cklxWTNvlcz8CV.4icslfEDKt2YhcUUl/a/nLJr6VLxZxi',NULL,NULL,'2015-07-13 23:08:54',2,'2015-07-13 23:08:54','2015-07-13 19:09:12','86.133.60.90','86.133.60.90','','','Buford','Unknown.jpg','image/jpeg',104292,'2015-07-13 23:03:21',NULL,NULL,NULL,168,64);
/*!40000 ALTER TABLE `users` ENABLE KEYS */;
UNLOCK TABLES;

--
-- Dumping routines for database 'dnote'
--
/*!40103 SET TIME_ZONE=@OLD_TIME_ZONE */;

/*!40101 SET SQL_MODE=@OLD_SQL_MODE */;
/*!40014 SET FOREIGN_KEY_CHECKS=@OLD_FOREIGN_KEY_CHECKS */;
/*!40014 SET UNIQUE_CHECKS=@OLD_UNIQUE_CHECKS */;
/*!40101 SET CHARACTER_SET_CLIENT=@OLD_CHARACTER_SET_CLIENT */;
/*!40101 SET CHARACTER_SET_RESULTS=@OLD_CHARACTER_SET_RESULTS */;
/*!40101 SET COLLATION_CONNECTION=@OLD_COLLATION_CONNECTION */;
/*!40111 SET SQL_NOTES=@OLD_SQL_NOTES */;

-- Dump completed on 2015-07-14 15:53:34
